Número,Código Ayto,Centro,Dirección,Coordenada-X,Coordenada-Y,Latitud,Longitud,Superficie (m2),Uso del edificio,Adscripción,Distrito,Potencia KWp,Empresa instaladora,Puesta en servicio
1.0,2178.0,BIBLIOTECA ÁNGEL GONZALEZ,"C/ GRANJA DE TORREHERMOSA, 2 ",434954.0,4472113.0,40.397074625115906,-3.7664885474841503,,cultural, AG Cultura Turismo y Deportes , Latina ,20.0,ORTIZ,2019-07-31
2.0,782.0,BIBLIOTECA IVÁN DE VARGAS,"C/ DOCTOR LETAMENDI, 1",439775.0,4473962.0,40.4141029084466,-3.70985912127358,,cultural, AG Cultura Turismo y Deportes , Centro ,3.0,ORTIZ,2019-07-24
3.0,2096.0,BIBLIOTECA EUGENIO TRIAS (CASA FIERAS),"AV/ MENENDEZ PELAYO , 10-3 BJ ",442345.0,4474221.0,40.4166091081099,-3.67959303680348,,cultural, AG Cultura Turismo y Deportes , Retiro ,,ORTIZ,2019-07-24
4.0,1046.0,PLANETARIO,AV/ PLANETARIO 16,441830.0,4471375.0,40.3909440818148,-3.68539115543989,3.062,cultural, AG Cultura Turismo y Deportes , Arganzuela ,25.0,FULTON,2019-09-13
5.0,2143.0,MADRID EMPRENDE,"C/CIDRO, 3 ",436689.0,4468938.0,40.368615544135,-3.74573026512817,,administrativo," AG Economía, Innovación y Empleo ", Carabanchel ,10.0,,
6.0,1779.0,MARES MADRID,C/ FRANCISCO LAGUNA 38,443153.0,4471330.0,40.390628,-3.669802,,administrativo," AG Economía, Innovación y Empleo ", Puente de Vallecas  ,7.0,,
7.0,2639.0,NAVE BOETTICHER,"C/ CIFUENTES, 22 28021 MADRID",440849.0,4466524.0,40.347177,-3.696499,,administrativo," AG Economía, Innovación y Empleo ", Villaverde ,5.0,,
8.0,,MARES VILLAVERDE MAR DE ALIMENTACION Y CUIDADO,"PASEO ALBERTO PALACIOS, 13",439657.0,4466414.0,40.346099,-3.710522,,administrativo," AG Economía, Innovación y Empleo ", Villaverde ,7.0,AURA,2019-01-15
9.0,317.0,AULA DE LA NATURALEZA DEHESA DE LA VILLA,"C/ FRANCOS RODRIGUEZ, 97 ",439102.0,4478967.0,40.4591410411634,-3.71827056367926,,medioambiental, AG de Medio Ambiente y Movilidad , Moncloa Aravaca ,,,2008-08-13
10.0,,VIVERO MUNICIPAL DE ESTUFAS DEL RETIRO,"Pza. del Ángel Caído. Parque del Retiro 
(Entrada al Retiro al final de la cuesta de Claudio Moyano)",441779.0,4473428.0,40.4094350327911,-3.68617978009932,,medioambiental, AG de Medio Ambiente y Movilidad , Retiro ,5.0,,
11.0,,VIVERO MUNICIPAL DE CASA DE CAMPO,Pº Azul s/n. Parque de la Casa de Campo,438584.0,4474694.0,40.420606,-3.723958,,medioambiental, AG de Medio Ambiente y Movilidad , Moncloa Aravaca ,5.0,,
12.0,,VIVERO MUNICIPAL DE MIGAS CALIENTES,"Km. 22. M-30 (frente a palacio Moncloa)
 M-30 . Km. 21.600, calzada sur.",437394.0,4476508.0,40.4368625714704,-3.73817152304904,,medioambiental, AG de Medio Ambiente y Movilidad , Moncloa Aravaca ,5.0,,
13.0,,ROSALEDA DEL PARQUE DEL OESTE,"c/ de la Rosaleda s/n. Rosaleda del Parque del Oeste
 (junto al teleférico)",438775.0,4475363.0,40.426646,-3.721771,,medioambiental, AG de Medio Ambiente y Movilidad , Moncloa Aravaca ,5.0,,
14.0,2520.0,ALMACÉN DE LA VILLA,"C/ AHUMAOS, 27 28052 MADRID",449323.0,4471841.0,40.395628,-3.597144,,almacén, AG Obras y Equipamientos , Vicálvaro ,,SAVEFFI,2020-03-27
16.0,1704.0,BASE 14 SAMUR,"C/ CASUARINA, 10",435024.0,4470233.0,40.380148,-3.765466,,sanitario," AG de Portavoz, Seguridad y Emergencias ", Latina ,6.0,AURA,2018-02-14
17.0,1904.0,CENTRO PROTECCIÓN ANIMAL,"CARRETERA BARRIO DE LA FORTUNA, KM 10. 28054",433934.0,4468399.0,40.3635463096433,-3.77811006728668,,sanitario, MADRID SALUD , Latina ,,POWEN,2018-06-21
18.0,1372.0,PARQUE BOMBEROS Nº 6,"C/ SAN BERNARDO, 68 ",440066.0,4475362.0,40.4267358311415,-3.70654962226942,,seguridad," AG de Portavoz, Seguridad y Emergencias ", Centro ,5.0,AURA,2020-02-14
19.0,,PARQUE DE BOMBEROS Nº 7,"Av Hellin, 52",447796.0,4475482.0,40.4283288391741,-3.6154373664644304,,seguridad," AG de Portavoz, Seguridad y Emergencias ", San Blas Canillejas ,35.0,FERROVIAL,2018-02-13
20.0,,PARQUE DE BOMBEROS Nº 11,"C/ Mesena, 146",443623.0,4480593.0,40.4740988954065,-3.66508396658848,,seguridad," AG de Portavoz, Seguridad y Emergencias ", Hortaleza ,25.0,FERROVIAL,2019-10-01
21.0,2021.0,CSS JOSÉ VILLARREAL (ARGANZUELA),"PLAZA JOSE VILLARREAL, 2 ",440953.0,4471932.0,40.3940185448828,-3.69705214496161,,social, JMD Arganzuela , Arganzuela ,17.0,,2008-09-29
22.0,2440.0,EI LA MELONERA ,"C/ EROS, 2",442243.0,4471700.0,40.3939029832483,-3.68055149170835,,educativo, JMD Arganzuela , Arganzuela ,,IMESAPI,2019-05-07
23.0,1541.0,CDM MARQUÉS DE SAMARANCH,Pº IMPERIAL 20,439131.0,4473248.0,40.4076150141064,-3.7173807221939104,11.523,deportivo, JMD Arganzuela , Arganzuela ,90.0,EULEN,2019-02-12
24.0,1119.0,CDI ARGANZUELA,"C/ CANARIAS, 17 Y PALOS DE LA FRONTERA, 16",440979.0,4472617.0,40.4020727986286,-3.6955325387824,12.47,mixto, JMD Arganzuela , Arganzuela ,90.0,EULEN,2019-03-10
25.0,1916.0,CDM ARGANZUELA LA FUNDI,"C/ ALICANTE , 14",441329.0,4471761.0,40.394377158851,-3.6913410601461,,deportivo, JMD Arganzuela , Arganzuela ,10.0,,2020-02-28
26.0,853.0,CC Y BIBLIOTECA GLORIA FUERTES,AV/ LOGROÑO 181,449666.0,4479054.0,40.4606228353796,-3.59368776573359,,cultural, JMD Barajas , Barajas ,,DRAGADOS,2019-12-14
27.0,854.0,CMM ACUARIO,"C/ ACUARIO, 27",450862.0,4480620.0,40.474801968086496,-3.57969145174686,,social, JMD Barajas , Barajas ,,EULEN,2019-04-01
28.0,2019.0,CC SAN FRANCISCO LA PRENSA,"C/ALISEDA, 6 ",437044.0,4469856.0,40.3769031921739,-3.74163973555209,,cultural, JMD Carabanchel , Carabanchel ,5.0,,2008-09-29
29.0,330.0,CC GARCÍA LORCA,"C/ EUGENIA DE MONTIJO, 105, B 1",436243.0,4469562.0,40.3742029001021,-3.75103374498486,,cultural, JMD Carabanchel , Carabanchel ,3.0,AURA,2018-09-25
30.0,974.0,ANTIGUO CANÓDROMO,"C/ VÍA CARPETANA, 71",437604.0,4472194.0,40.3980160845768,-3.7352725040539503,,deportivo, JMD Carabanchel , Carabanchel ,3.0,AURA,2019-03-07
31.0,191.0,CEIP FERNANDO EL CATÓLICO,"C/ FERNANDO EL CATÓLICO, 16",439802.0,4476182.0,40.4341036895304,-3.70973929433482,,educativo, JMD Chamberí , Chamberí ,,EULEN,2019-12-14
32.0,1104.0,"JMD CIUDAD LINEAL (CMM, CC, BIBLIOTECA)","C/ HERMANOS GARCÍA NOBLEJAS, 16",445975.0,4476345.0,40.4359959748431,-3.6369774916267,7.239,mixto, JMD Ciudad Lineal , Ciudad Lineal ,,PECSA,2018-10-24
33.0,702.0,"CENTRO DE DÍA Y DE MAYORES ASCAO/
BIBLIOTECA PABLO NERUDA","C/ ASCAO, 2",445600.0,4475637.0,40.4295843942338,-3.6413497414718705,3.542,"cultural, social", JMD Ciudad Lineal , Ciudad Lineal ,,PECSA,2018-01-21
34.0,1103.0,CC LA ELIPA Y CSS SANTA FELICIDAD,"C/SANTA FELICIDAD, 37",444825.0,4475074.0,40.4244706080435,-3.6504253324201104,2.38,"cultural, social", JMD Ciudad Lineal , Ciudad Lineal ,15.0,PECSA,2018-08-22
35.0,223.0,CC Y CMM SAN JUAN BAUTISTA,"C/ SAN NEMESIO, 1",444202.0,4478162.0,40.4522473796527,-3.6580402287911906,2.167,"cultural, social", JMD Ciudad Lineal , Ciudad Lineal ,25.0,PECSA,2018-01-21
36.0,214.0,CM Y CSS LUIS VIVES,"C/ HERMANOS GARCÍA NOBLEJAS, 170",446786.0,4475211.0,40.4239607645562,-3.62858860100972,1.378,social, JMD Ciudad Lineal , Ciudad Lineal ,10.0,PECSA,2018-01-21
37.0,509.0,"CMM ISLAS FILIPINAS, CENTRO JUVENIL Y BIBLIOTECA LA ELIPA","C/ NUESTRA SEÑORA DEL VILLAR, 8",444814.0,4475167.0,40.4234265908421,-3.65184164138948,2.25,social, JMD Ciudad Lineal , Ciudad Lineal ,15.0,PECSA,2018-10-24
38.0,2094.0,CSS SAN VICENTE DE PAUL, C/BUITRAGO DE LOZOYA 22,439255.0,4480448.0,40.4724846268841,-3.71660783300847,,social, JMD Fuercarral El Pardo , Fuencarral El Pardo ,,,2018-09-01
39.0,2446.0,EI ELENA FORTÚN (MONTECARMELO),AV/ M.º SILOS 57 / CAAVEIRO,441162.0,4484225.0,40.506657,-3.694447,,educativo, JMD Fuercarral El Pardo , Fuencarral El Pardo ,,ORTHEM,2019-03-07
40.0,1950.0,CDM VICENTE DEL BOSQUE,"AV/ MONFORTE DE LEMOS, 13",441216.0,4481146.0,40.4789135943213,-3.69354065974728,7.507,deportivo, JMD Fuercarral El Pardo , Fuencarral El Pardo ,50.0,ORTIZ,2019-05-28
41.0,1771.0,CDM LA MASÓ,"C/ DE LA MASÓ, 190 BJ ",439451.0,4481771.0,40.4844259993208,-3.71442225647198,8.469,deportivo, JMD Fuercarral El Pardo , Fuencarral El Pardo ,7.0,DRAGADOS,2019-12-11
42.0,,EI EL FRESNO,"C/MARIA CASARES, 15 ",438637.0,4482886.0,40.494405,-3.724127,,educativo, JMD Fuercarral El Pardo , Fuencarral El Pardo ,,,2019-04-26
43.0,,EI POETA GLORIA FUERTES (LAS TABLAS), C/ EUNATE 6 C/CASTILLO DE CANDANCHÚ 42-46,442700.0,4484024.0,40.504951,-3.676283,,educativo, JMD Fuercarral El Pardo , Fuencarral El Pardo ,,CONDISA,2019-02-12
44.0,1937.0,CDM LUIS ARAGONÉS,C/PROVENCIO 20,446795.0,4479520.0,40.4646509480538,-3.62758771450258,5.588,deportivo, JMD Hortaleza , Hortaleza ,,DRAGADOS,2018-11-15
45.0,2204.0,CC SANCHINARRO Y BIBLIOTECA MARÍA LEJÁRRAGA,"C/ PRINCESA ÉBOLI, 29",444469.0,4482391.0,40.4903531015737,-3.65526174471725,,cultural, JMD Hortaleza , Hortaleza ,20.0,DRAGADOS,2019-02-22
46.0,1380.0,JMD HORTALEZA,CARRETERA DE CANILLAS 2,444286.0,4479355.0,40.462991140169,-3.65715427699194,,administrativo, JMD Hortaleza , Hortaleza ,,DRAGADOS,2019-03-07
47.0,895.0,CC FEDERICO CHUECA ,"C/ BENITA ÁVILA, 17",444847.0,4479572.0,40.46498334634,-3.65056826658469,,cultural, JMD Hortaleza , Hortaleza ,20.0,DRAGADOS,2018-11-19
48.0,547.0,JMD LATINA,"AV/ LAS AGUILAS, 2 (ANT AV/DEL GENERAL FANJUL)",435041.0,4470644.0,40.3838571804374,-3.76530195937242,5.193,administrativo, JMD Latina , Latina ,27.0,AURA,2018-11-22
49.0,2148.0,CDM LAS CRUCES,"AV/ POBLADOS, S/N BJ - ",435779.0,4470115.0,40.379148937377295,-3.75655476241196,,deportivo, JMD Latina , Latina ,17.0,FERROVIAL,2019-02-08
50.0,2299.0,CENTRO DE DÍA GERTRUDIS DE LA FUENTE,"C/ ALHAMBRA / C/ CUÑA LATINA DOS, 2",437062.0,4472332.0,40.3992228218455,-3.74165624171805,1.768,social, JMD Latina , Latina ,50.0,AURA,2019-05-25
51.0,2260.0,CENTRO DE ACOGIDA MUNICIPAL PUERTA ABIERTA,"C/ PINAR DE SAN JOSE , 104 - MADRID (28054)",434109.0,4468407.0,40.3636232165702,-3.77604986037844,4.132,social, JMD Latina , Latina ,12.0,,2016-08-08
52.0,1140.0,CDM GALLUR,"C/ GALLUR, 2",437595.0,4472245.0,40.398465832065,-3.73538345068692,6.305,deportivo, JMD Latina , Latina ,20.0,AURA,2020-02-19
53.0,2447.0,EI BOLA DE CRISTAL (VALDEZARZA),"C/ ISLAS BISAGOS, 13",439360.0,4479933.0,40.467857,-3.715308,,educativo, JMD Moncloa Aravaca , Moncloa Aravaca ,6.0,CYOPSA,2018-12-06
54.0,1931.0,IDM LA BOMBILLA,"Paseo Senda del Rey, 8",437798.0,4476478.0,40.436623,-3.733391,,deportivo, JMD Moncloa Aravaca , Moncloa Aravaca ,12.0,ORTIZ,2019-01-23
55.0,1272.0,CC EDUARDO CHILLIDA Y BIBLIOTECA MIGUEL DELIBES,"C/ ARROYO BELINCOSO, 9",444577.0,4473403.0,40.4093917367651,-3.65321477735933,,cultural, JMD Moratalaz , Moratalaz ,10.0,PECSA,2018-10-24
56.0,2138.0,CMM/CSS LADERA EL ALMENDRO,"C/ LADERA DE LOS ALMENDROS, 4-6",447057.0,4472576.0,40.4021030238157,-3.62391894122114,,social, JMD Moratalaz , Moratalaz ,,PECSA,2018-10-24
57.0,2461.0,EI SABINA (MORATALAZ),C/ CAÑÓN DEL RIO LOBOS,446468.0,4472964.0,40.405577,-3.630877,,educativo, JMD Moratalaz , Moratalaz ,6.0,CYOPSA,
58.0,1938.0,CDM MORATALAZ,C/ VALDEBERNARDO 2,446331.0,4472220.0,40.3988585457233,-3.63243229021453,8.104,deportivo, JMD Moratalaz , Moratalaz ,40.0,FERROVIAL,2019-03-08
59.0,1745.0,CSS  Y APARTAMENTOS TUTELADOS RETIRO,"C/ JOSE MARTÍNEZ DE VELASCO, 22",443346.0,4473992.0,40.4146148994401,-3.66777459044681,,social, JMD Retiro , Retiro ,,OHL,2019-03-25
60.0,97.0,ESCUELAS AGUIRRE,C/ PIO BAROJA 4,442787.0,4473989.0,40.4145497024899,-3.67435086047564,,educativo, JMD Retiro , Retiro ,7.0,OHL,2019-03-03
61.0,124.0,CEIP JOSE CALVO SOTELO,"AV/ CIUDAD DE BARCELONA, 83",442826.0,4472467.0,40.4008413126834,-3.6737662524006702,,educativo, JMD Retiro , Retiro ,7.0,OHL,2019-03-03
62.0,750.0,CEIP CIUDAD DE ROMA,"C/ JUAN ESPLANDIÚ,2 ",443564.0,4474129.0,40.4158639493011,-3.66520562618556,,educativo, JMD Retiro , Retiro ,40.0,OHL,2019-03-03
63.0,2391.0,CMM LA ESTRELLA - CARMEN MARTÍN GAITE,C/ PEZ AUSTRAL 6 - 28007 MADRID,443476.0,4473852.0,40.4133787186389,-3.66620904783224,,social, JMD Retiro , Retiro ,,,2016-10-23
64.0,1035.0,CMM/CENTRO DIA/CSS LA GUINDALERA,"C/ PILAR DE ZARAGOZA, 28, Bajo",443247.0,4476088.0,40.4334991005029,-3.6691167784691694,,social, JMD Salamanca , Salamanca ,,FERROVIAL,2018-09-20
65.0,35.0,CC Y BIBLIOTECA BUENAVISTA,"AV DE LOS TOREROS, 5",443092.0,4475923.0,40.4320021057146,-3.67092933307802,,cultural, JMD Salamanca , Salamanca ,,FERROVIAL,2018-11-13
66.0,2074.0,CC JOSE LUIS LÓPEZ VÁZQUEZ,"C/ FEBRERO, 4",451431.0,4477509.0,40.4468185923002,-3.57274116382091,,cultural, JMD San Blas Canillejas , San Blas Canillejas ,15.0,DRAGADOS,2018-11-19
67.0,1974.0,JMD SAN BLAS,"AV/ DE ARCENTALES, 26",448295.0,4476161.0,40.4344858647358,-3.6096102461466,,administrativo, JMD San Blas Canillejas , San Blas Canillejas ,,DRAGADOS,2019-03-07
68.0,2033.0,CDM ANTONIO DÍAZ MIGUEL,"C/JOAQUIN DICENTA, 1 ",441058.0,4480296.0,40.4712542658614,-3.69532569789638,,deportivo, JMD Tetuán , Tetuán ,25.0,,2018-01-15
69.0,2011.0,CC EDUARDO ÚRCULO Y BIBLIOTECA MARÍA ZAMBRANO,"PLAZA DE DONOSO, 5",440857.0,4480052.0,40.4690329914409,-3.69766200679649,,cultural, JMD Tetuán , Tetuán ,,FERROVIAL,2018-11-12
70.0,1026.0,CSS SAN FILIBERTO,"C/ SAN FILIBERTO, 5 BJ ",439298.0,4470826.0,40.3858176778342,-3.71518188811652,,social, JMD Usera , Usera ,,AURA,2018-03-05
71.0,1096.0,CMM ORCASUR,"AV ORCASUR, 64",440559.0,4468845.0,40.3680537472289,-3.70012965685136,,social, JMD Usera , Usera ,,AURA,2018-02-19
72.0,1095.0,CC ORCASUR Y BIBLIOTECA GABRIEL GARCÍA MÁRQUEZ," PLAZA PUEBLO, 1 BJ1",440472.0,4468702.0,40.3667683247534,-3.7011410630838,,cultural, JMD Usera , Usera ,30.0,AURA,2018-10-16
73.0,1092.0,JMD USERA,"AV/. RAFAELA YBARRA, 41",439670.0,4470445.0,40.3824125300917,-3.7107515747822304,,administrativo, JMD Usera , Usera ,5.0,AURA,2018-12-14
74.0,1894.0,CDM ORCASUR,"C/ MOREJA, 3",440727.0,4469292.0,40.3702199337385,-3.69946890060774,,deportivo, JMD Usera , Usera ,,AURA,2019-02-14
75.0,2441.0,EI PENSAMIENTO (MIRASIERRA),"C/ MIRASIERRA, 27 ",448843.0,4473366.0,40.409341,-3.602926,,educativo,  JMD Usera , Usera ,,IMESAPI,2019-01-03
76.0,1890.0,CDM VICÁLVARO (MARGOT MOLÉS),"Pº POLIDEPORTIVO, 3",448815.0,4473344.0,40.409140618584,-3.60326473285039,6.856,deportivo, JMD Vicálvaro , Vicálvaro ,40.0,ELECTOSA ,2018-05-09
77.0,1763.0,CC VALDEBERNARDO Y BIBLIOTECA FRANCISCO AYALA,"C/ BULEVAR INDALECIO PRIETO, 21",447278.0,4472321.0,40.399828914104,-3.62128189057037,3.2,cultural, JMD Vicálvaro , Vicálvaro ,20.0,PECSA,2018-11-12
78.0,1028.0,CC EL MADROÑO Y BIBLIOTECA VICÁLVARO,"C/ VILLARDONDIEGO, 36",448357.0,4472920.0,40.405292721436,-3.6086161200017104,2.452,cultural, JMD Vicálvaro , Vicálvaro ,,PECSA,2018-11-12
79.0,1352.0,JMD VICÁLVARO,"PLAZA DON ANTONIO DE ANDRÉS, 18",448578.0,4472583.0,40.4022704797848,-3.6059845330840705,1.674,administrativo, JMD Vicálvaro , Vicálvaro ,,PECSA,2018-11-12
80.0,1393.0,CSS PUERTO DE LAS PILAS,"C/ FUENTIDUEÑA,16",447222.0,4469088.0,40.370701,-3.621679,1.021,social, JMD Villa de Vallecas , Villa de Vallecas ,20.0,PECSA,2018-11-12
81.0,277.0,CMM VILLA DE VALLECAS ,"C/ PICO DE MAMPODRE, 6",447264.0,4469823.0,40.3773243810878,-3.6212400484216896,815.0,social, JMD Villa de Vallecas , Villa de Vallecas ,6.0,PECSA,2018-11-16
82.0,1383.0,JMD VILLA DE VALLECAS,"Pº FEDERICO GARCÍA LORCA, 12",447248.0,4469998.0,40.3788998244401,-3.6214547858699,3.29,administrativo, JMD Villa de Vallecas , Villa de Vallecas ,,PECSA,2018-11-16
83.0,1770.0,CDM FÉLIX RUBIO,"C/CIUDADANÍA, 9",441281.0,4467659.0,40.3574296786752,-3.69152880469694,,deportivo, JMD Villaverde , Villaverde ,,AURA,2018-03-07
84.0,1953.0,CC MARCONI,"AV/ MARCONI, 2 BAJO/1",440472.0,4465148.0,40.334751832113696,-3.70080956092159,,cultural, JMD Villaverde , Villaverde ,10.0,AURA,2018-02-19
85.0,1905.0,CC LOS ROSALES (NUEVO ROSALES),"AV/ LOS ROSALES, 133",442482.0,4466908.0,40.3507479743351,-3.67730644219692,,cultural, JMD Villaverde , Villaverde ,20.0,AURA,2018-03-05
86.0,1031.0,CC BOHEMIOS,"C/ BOHEMIOS 1, B1",441066.0,4467547.0,40.3563965425188,-3.69405018466108,,cultural, JMD Villaverde , Villaverde ,10.0,AURA,2018-02-19
87.0,1109.0,JMD VILLAVERDE,"C/ ARROYO BUENO, 53, Sot Dch 1",439603.0,4466726.0,40.3488958485546,-3.71120030905872,,administrativo, JMD Villaverde , Villaverde ,,AURA,2018-11-12
88.0,1895.0,CDM EL ESPINILLO,"CARRETERA DE VILLAVERDE A VALLECAS, 19",441698.0,4467536.0,40.3563419399193,-3.68659514182063,,deportivo, JMD Villaverde , Villaverde ,10.0,AURA,2020-01-29
89.0,2438.0,EI MAMUT  (BUTARQUE),"C/ MARICARA, 32",442483.0,4465459.0,40.337689,-3.677163,,educativo, JMD Villaverde , Villaverde ,5.0,UGARTE,2019-01-03
90.0,,PARQUE BOMBEROS Nº 8,CALLE BOADA 9,444572.0,4471763.0,40.3946173183705,-3.6531308970881295,,seguridad," AG de Portavoz, Seguridad y Emergencias ", Puente de Vallecas ,25.0,FERROVIAL,2019-10-18
91.0,,CASA ASOCIACIONES HORTALEZA,CALLE MATAPOZUELOS 6,444896.0,4479194.0,40.461589,-3.649947,,social, JMD Hortaleza , Hortaleza ,9.0,,2020-03-23
92.0,,EI PLÉYADES,AVENIDA SECUNDINO ZUAZO 52,447428.0,4482921.0,40.4953303405269,-3.62038557307297,,educativo, JMD Hortaleza , Hortaleza ,,,
93.0,,CMM VALLEHERMOSO,CALLE VALLEHERMOSO 47,439883.0,4476241.0,40.434646,-3.708785,,social, JMD Chamberí , Chamberí ,5.0,,
94.0,1208.0,BIBLIOTECA GERARDO DIEGO,"CALLE  MONTE AYA,  12",447138.0,4469889.0,40.3779019624043,-3.6227296605039503,,cultural, AG Cultura Turismo yDeportes , Villa de Vallecas ,,ACCIONA,2020-11-20
103.0,149.0,CEIP  SAN JUAN DE LA CRUZ,"C/ DE HONDURAS, 10, 28016 MADRID",442495.0,4479193.0,40.4595373759822,-3.67954186336266,,educativo, JMD Chamartín , Chamartín ,,,2020-11-10
104.0,363.0,CEIP ARQUITECTO GAUDÍ,"C/ ROSA JARDÓN, 10, 28016 MADRID",443279.0,4479632.0,40.4654182810019,-3.66906777282054,,educativo, JMD Chamartín , Chamartín ,,,2020-11-10
105.0,212.0,CEIP ISAAC ALBÉNIZ,"C/ DRACENA, 29, 28016 MADRID",443272.0,4479500.0,40.4642287544101,-3.66912674105744,,educativo, JMD Chamartín , Chamartín ,,,2020-11-17
106.0,245.0,CEIP PADRE POVEDA,"AV/ ALFONSO XIII, 23, 28002 MADRID",443380.0,4478055.0,40.4512188749858,-3.6677240367753106,,educativo, JMD Chamartín , Chamartín ,,,2020-11-10
119.0,,EI PARQUE INGENIEROS,C/TABERNERA DEL PUERTO 26,440213.0,4467439.0,40.35536909956173,-3.704068831577452,,educativo, JMD Villaverde , Villaverde ,5.0,,2020-11-10
1.0,2178.0,BIBLIOTECA ÁNGEL GONZALEZ,"C/ GRANJA DE TORREHERMOSA, 2 ",434954.0,4472113.0,40.397074625115906,-3.7664885474841503,,cultural, AG Cultura Turismo y Deportes , Latina ,,ORTIZ,2019-07-31
2.0,782.0,BIBLIOTECA IVÁN DE VARGAS,"C/ DOCTOR LETAMENDI, 1",439775.0,4473962.0,40.4141029084466,-3.70985912127358,,cultural, AG Cultura Turismo y Deportes , Centro ,,ORTIZ,2019-07-24
3.0,2096.0,BIBLIOTECA EUGENIO TRIAS (CASA FIERAS),"AV/ MENENDEZ PELAYO , 10-3 BJ ",442345.0,4474221.0,40.4166091081099,-3.67959303680348,,cultural, AG Cultura Turismo y Deportes , Retiro ,,ORTIZ,2019-07-24
4.0,1046.0,PLANETARIO,AV/ PLANETARIO 16,441830.0,4471375.0,40.3909440818148,-3.68539115543989,3.062,cultural, AG Cultura Turismo y Deportes , Arganzuela ,,FULTON,2019-09-13
5.0,2143.0,MADRID EMPRENDE,"C/CIDRO, 3 ",436689.0,4468938.0,40.368615544135,-3.74573026512817,,administrativo," AG Economía, Innovación y Empleo ", Carabanchel ,,,
6.0,1779.0,MARES MADRID,C/ FRANCISCO LAGUNA 38,443153.0,4471330.0,40.390628,-3.669802,,administrativo," AG Economía, Innovación y Empleo ", Puente de Vallecas  ,,ETRALUX,
7.0,2639.0,NAVE BOETTICHER,"C/ CIFUENTES, 22 28021 MADRID",440849.0,4466524.0,40.347177,-3.696499,,administrativo," AG Economía, Innovación y Empleo ", Villaverde ,,AURA,2019-01-15
8.0,,MARES VILLAVERDE MAR DE ALIMENTACION Y CUIDADO,"PASEO ALBERTO PALACIOS, 13",439657.0,4466414.0,40.346099,-3.710522,,administrativo," AG Economía, Innovación y Empleo ", Villaverde ,,,2008-08-13
9.0,317.0,AULA DE LA NATURALEZA DEHESA DE LA VILLA,"C/ FRANCOS RODRIGUEZ, 97 ",439102.0,4478967.0,40.4591410411634,-3.71827056367926,,medioambiental, AG de Medio Ambiente y Movilidad , Moncloa Aravaca ,,,
10.0,,VIVERO MUNICIPAL DE ESTUFAS DEL RETIRO,"Pza. del Ángel Caído. Parque del Retiro 
(Entrada al Retiro al final de la cuesta de Claudio Moyano)",441779.0,4473428.0,40.4094350327911,-3.68617978009932,,medioambiental, AG de Medio Ambiente y Movilidad , Retiro ,,,
12.0,,VIVERO MUNICIPAL DE MIGAS CALIENTES,"Km. 22. M-30 (frente a palacio Moncloa)
 M-30 . Km. 21.600, calzada sur.",437394.0,4476508.0,40.4368625714704,-3.73817152304904,,medioambiental, AG de Medio Ambiente y Movilidad , Moncloa Aravaca ,,,
13.0,,ROSALEDA DEL PARQUE DEL OESTE,"c/ de la Rosaleda s/n. Rosaleda del Parque del Oeste
 (junto al teleférico)",438775.0,4475363.0,40.426646,-3.721771,,medioambiental, AG de Medio Ambiente y Movilidad , Moncloa Aravaca ,,SAVEFFI,
14.0,2520.0,ALMACÉN DE LA VILLA,"C/ AHUMAOS, 27 28052 MADRID",449323.0,4471841.0,40.395628,-3.597144,,almacén, AG Obras y Equipamientos , Vicálvaro ,,PECSA,2018-06-11
16.0,1704.0,BASE 14 SAMUR,"C/ CASUARINA, 10",435024.0,4470233.0,40.380148,-3.765466,,sanitario," AG de Portavoz, Seguridad y Emergencias ", Latina ,,POWEN,2018-06-21
17.0,1904.0,CENTRO PROTECCIÓN ANIMAL,"CARRETERA BARRIO DE LA FORTUNA, KM 10. 28054",433934.0,4468399.0,40.3635463096433,-3.77811006728668,,sanitario, MADRID SALUD , Latina ,,AURA,2020-02-14
18.0,1372.0,PARQUE BOMBEROS Nº 6,"C/ SAN BERNARDO, 68 ",440066.0,4475362.0,40.4267358311415,-3.70654962226942,,seguridad," AG de Portavoz, Seguridad y Emergencias ", Centro ,,FERROVIAL,2018-02-13
19.0,594.0,PARQUE DE BOMBEROS Nº 7,"Av Hellin, 52",447796.0,4475482.0,40.4283288391741,-3.6154373664644304,,seguridad," AG de Portavoz, Seguridad y Emergencias ", San Blas Canillejas ,,FERROVIAL,2019-10-01
20.0,351.0,PARQUE DE BOMBEROS Nº 11,"C/ Mesena, 146",443623.0,4480593.0,40.4740988954065,-3.66508396658848,,seguridad," AG de Portavoz, Seguridad y Emergencias ", Hortaleza ,,,2008-09-29
21.0,2021.0,CSS JOSÉ VILLARREAL (ARGANZUELA),"PLAZA JOSE VILLARREAL, 2 ",440953.0,4471932.0,40.3940185448828,-3.69705214496161,,social, JMD Arganzuela , Arganzuela ,,IMESAPI,2019-05-07
22.0,2440.0,EI LA MELONERA ,"C/ EROS, 2",442243.0,4471700.0,40.3939029832483,-3.68055149170835,,educativo, JMD Arganzuela , Arganzuela ,,EULEN,2019-02-12
23.0,1541.0,CDM MARQUÉS DE SAMARANCH,Pº IMPERIAL 20,439131.0,4473248.0,40.4076150141064,-3.7173807221939104,11.523,deportivo, JMD Arganzuela , Arganzuela ,,EULEN,2019-03-10
24.0,1119.0,CDI ARGANZUELA,"C/ CANARIAS, 17 Y PALOS DE LA FRONTERA, 16",440979.0,4472617.0,40.4020727986286,-3.6955325387824,12.47,mixto, JMD Arganzuela , Arganzuela ,,,2020-02-28
25.0,1916.0,CDM ARGANZUELA LA FUNDI,"C/ ALICANTE , 14",441329.0,4471761.0,40.394377158851,-3.6913410601461,,deportivo, JMD Arganzuela , Arganzuela ,,DRAGADOS,2019-12-14
26.0,853.0,CC Y BIBLIOTECA GLORIA FUERTES,AV/ LOGROÑO 181,449666.0,4479054.0,40.4606228353796,-3.59368776573359,,cultural, JMD Barajas , Barajas ,,EULEN,2019-04-01
27.0,854.0,CMM ACUARIO,"C/ ACUARIO, 27",450862.0,4480620.0,40.474801968086496,-3.57969145174686,,social, JMD Barajas , Barajas ,,,2008-09-29
28.0,2019.0,CC SAN FRANCISCO LA PRENSA,"C/ALISEDA, 6 ",437044.0,4469856.0,40.3769031921739,-3.74163973555209,,cultural, JMD Carabanchel , Carabanchel ,,AURA,2018-09-25
29.0,330.0,CSC GARCÍA LORCA,"C/ EUGENIA DE MONTIJO, 105, B 1",436243.0,4469562.0,40.3742029001021,-3.75103374498486,,cultural, JMD Carabanchel , Carabanchel ,,AURA,2019-03-07
30.0,974.0,ANTIGUO CANÓDROMO,"C/ VÍA CARPETANA, 71",437604.0,4472194.0,40.3980160845768,-3.7352725040539503,,deportivo, JMD Carabanchel , Carabanchel ,,EULEN,2019-12-14
31.0,191.0,CEIP FERNANDO EL CATÓLICO,"C/ FERNANDO EL CATÓLICO, 16",439802.0,4476182.0,40.4341036895304,-3.70973929433482,,educativo, JMD Chamberí , Chamberí ,,PECSA,2018-10-24
32.0,1104.0,"JMD CIUDAD LINEAL (CMM, CC, BIBLIOTECA)","C/ HERMANOS GARCÍA NOBLEJAS, 16",445975.0,4476345.0,40.4359959748431,-3.6369774916267,7.239,mixto, JMD Ciudad Lineal , Ciudad Lineal ,,PECSA,2018-01-21
33.0,702.0,"CENTRO DE DÍA Y DE MAYORES ASCAO/
BIBLIOTECA PABLO NERUDA","C/ ASCAO, 2",445600.0,4475637.0,40.4295843942338,-3.6413497414718705,3.542,mixto, JMD Ciudad Lineal , Ciudad Lineal ,,PECSA,2018-08-22
34.0,1103.0,CC LA ELIPA Y CSS SANTA FELICIDAD,"C/SANTA FELICIDAD, 37",444825.0,4475074.0,40.4244706080435,-3.6504253324201104,2.38,mixto, JMD Ciudad Lineal , Ciudad Lineal ,,PECSA,2018-01-21
35.0,223.0,CC Y CMM SAN JUAN BAUTISTA,"C/ SAN NEMESIO, 1",444202.0,4478162.0,40.4522473796527,-3.6580402287911906,2.167,mixto, JMD Ciudad Lineal , Ciudad Lineal ,,PECSA,2018-01-21
36.0,214.0,CMM Y CSS LUIS VIVES,"C/ HERMANOS GARCÍA NOBLEJAS, 170",446786.0,4475211.0,40.4239607645562,-3.62858860100972,1.378,social, JMD Ciudad Lineal , Ciudad Lineal ,,PECSA,2018-10-24
37.0,509.0,"CMM ISLAS FILIPINAS, CENTRO JUVENIL Y BIBLIOTECA LA ELIPA","C/ NUESTRA SEÑORA DEL VILLAR, 8",444814.0,4475167.0,40.4234265908421,-3.65184164138948,2.25,social, JMD Ciudad Lineal , Ciudad Lineal ,,AVELSA (Avance Electrico S.L) ,2018-09-01
38.0,2094.0,CSS SAN VICENTE DE PAUL, C/BUITRAGO DE LOZOYA 22,439255.0,4480448.0,40.4724846268841,-3.71660783300847,,social, JMD Fuercarral El Pardo , Fuencarral El Pardo ,,ORTHEM,2019-03-07
39.0,2446.0,EI ELENA FORTÚN (MONTECARMELO),AV/ M.º SILOS 57 / CAAVEIRO,441162.0,4484225.0,40.506657,-3.694447,,educativo, JMD Fuercarral El Pardo , Fuencarral El Pardo ,,Ortiz,2019-05-28
40.0,1950.0,CDM VICENTE DEL BOSQUE,"AV/ MONFORTE DE LEMOS, 13",441216.0,4481146.0,40.4789135943213,-3.69354065974728,7.507,deportivo, JMD Fuercarral El Pardo , Fuencarral El Pardo ,,DRAGADOS,2019-12-11
41.0,1771.0,CDM LA MASÓ,"C/ DE LA MASÓ, 190 BJ ",439451.0,4481771.0,40.4844259993208,-3.71442225647198,8.469,deportivo, JMD Fuercarral El Pardo , Fuencarral El Pardo ,,,2019-04-26
42.0,2444.0,EI EL FRESNO,"C/MARIA CASARES, 15 ",438637.0,4482886.0,40.494405,-3.724127,,educativo, JMD Fuercarral El Pardo , Fuencarral El Pardo ,,CONDISA,2019-02-12
43.0,2443.0,EI POETA GLORIA FUERTES (LAS TABLAS),C/ EUNATE 6 C/CASTILLO DE CANDANCHÚ 42-46,442700.0,4484024.0,40.504951,-3.676283,,educativo, JMD Fuercarral El Pardo , Fuencarral El Pardo ,,DRAGADOS,2018-11-15
44.0,1937.0,CDM LUIS ARAGONÉS,C/PROVENCIO 20,446795.0,4479520.0,40.4646509480538,-3.62758771450258,5.588,deportivo, JMD Hortaleza , Hortaleza ,,DRAGADOS,2019-02-22
45.0,2204.0,CC SANCHINARRO Y BIBLIOTECA MARÍA LEJÁRRAGA,"C/ PRINCESA ÉBOLI, 29",444469.0,4482391.0,40.4903531015737,-3.65526174471725,,cultural, JMD Hortaleza , Hortaleza ,,DRAGADOS,2019-03-07
46.0,1380.0,JMD HORTALEZA,CARRETERA DE CANILLAS 2,444286.0,4479355.0,40.462991140169,-3.65715427699194,,administrativo, JMD Hortaleza , Hortaleza ,,DRAGADOS,2018-11-19
47.0,895.0,CC FEDERICO CHUECA ,"C/ BENITA ÁVILA, 17",444847.0,4479572.0,40.46498334634,-3.65056826658469,,cultural, JMD Hortaleza , Hortaleza ,,AURA,2018-11-22
48.0,547.0,JMD LATINA,"AV/ LAS AGUILAS, 2 (ANT AV/DEL GENERAL FANJUL)",435041.0,4470644.0,40.3838571804374,-3.76530195937242,5.193,administrativo, JMD Latina , Latina ,,FERROVIAL,2019-02-08
49.0,2148.0,CDM LAS CRUCES,"AV/ POBLADOS, S/N BJ - ",435779.0,4470115.0,40.379148937377295,-3.75655476241196,,deportivo, JMD Latina , Latina ,,AURA,2019-05-25
50.0,2299.0,CENTRO DE DÍA GERTRUDIS DE LA FUENTE,"C/ ALHAMBRA / C/ CUÑA LATINA DOS, 2",437062.0,4472332.0,40.3992228218455,-3.74165624171805,1.768,social, JMD Latina , Latina ,,,2016-08-08
51.0,2260.0,CENTRO DE ACOGIDA MUNICIPAL PUERTA ABIERTA,"C/ PINAR DE SAN JOSE , 104 - MADRID (28054)",434109.0,4468407.0,40.3636232165702,-3.77604986037844,4.132,social, JMD Latina , Latina ,,AURA,2020-02-19
52.0,1140.0,CDM GALLUR,"C/ GALLUR, 2",437595.0,4472245.0,40.398465832065,-3.73538345068692,6.305,deportivo, JMD Latina , Latina ,,CYOPSA,2018-12-06
53.0,2447.0,EI BOLA DE CRISTAL (VALDEZARZA),"C/ ISLAS BISAGOS, 13",439360.0,4479933.0,40.467857,-3.715308,,educativo, JMD Moncloa Aravaca , Moncloa Aravaca ,,CONDISA (grupo Ortiz),2019-01-23
54.0,1931.0,IDM LA BOMBILLA,"Paseo Senda del Rey, 8",437798.0,4476478.0,40.436623,-3.733391,,deportivo, JMD Moncloa Aravaca , Moncloa Aravaca ,,PECSA,2018-10-24
55.0,1272.0,CC EDUARDO CHILLIDA Y BIBLIOTECA MIGUEL DELIBES,"C/ ARROYO BELINCOSO, 9",444577.0,4473403.0,40.4093917367651,-3.65321477735933,,cultural, JMD Moratalaz , Moratalaz ,,PECSA,2018-10-24
56.0,2138.0,CMM/CSS LADERA EL ALMENDRO,"C/ LADERA DE LOS ALMENDROS, 4-6",447057.0,4472576.0,40.4021030238157,-3.62391894122114,,social, JMD Moratalaz , Moratalaz ,,CYOPSA,
57.0,2461.0,EI SABINA (MORATALAZ),C/ CAÑÓN DEL RIO LOBOS,446468.0,4472964.0,40.405577,-3.630877,,educativo, JMD Moratalaz , Moratalaz ,,FERROVIAL,
58.0,1938.0,CDM MORATALAZ,C/ VALDEBERNARDO 2,446331.0,4472220.0,40.3988585457233,-3.63243229021453,8.104,deportivo, JMD Moratalaz , Moratalaz ,,OHL,2019-03-25
59.0,1745.0,CSS  Y APARTAMENTOS TUTELADOS RETIRO,"C/ JOSE MARTÍNEZ DE VELASCO, 22",443346.0,4473992.0,40.4146148994401,-3.66777459044681,,social, JMD Retiro , Retiro ,,OHL,2019-03-03
60.0,97.0,CEIP ESCUELAS AGUIRRE,C/ PIO BAROJA 4,442787.0,4473989.0,40.4145497024899,-3.67435086047564,,educativo, JMD Retiro , Retiro ,,OHL,2019-03-03
61.0,124.0,CEIP JOSE CALVO SOTELO,"AV/ CIUDAD DE BARCELONA, 83",442826.0,4472467.0,40.4008413126834,-3.6737662524006702,,educativo, JMD Retiro , Retiro ,,OHL,2019-03-03
62.0,750.0,CEIP CIUDAD DE ROMA,"C/ JUAN ESPLANDIÚ,2 ",443564.0,4474129.0,40.4158639493011,-3.66520562618556,,educativo, JMD Retiro , Retiro ,,,2016-10-23
63.0,2391.0,CMM LA ESTRELLA - CARMEN MARTÍN GAITE,C/ PEZ AUSTRAL 6 - 28007 MADRID,443476.0,4473852.0,40.4133787186389,-3.66620904783224,,social, JMD Retiro , Retiro ,,FERROVIAL,2018-09-20
64.0,1035.0,CMM/CENTRO DIA/CSS LA GUINDALERA,"C/ PILAR DE ZARAGOZA, 28, Bajo",443247.0,4476088.0,40.4334991005029,-3.6691167784691694,,social, JMD Salamanca , Salamanca ,,FERROVIAL,2018-11-13
65.0,35.0,CC BUENAVISTA Y BIBLIOTECA DAVID GISTAU,"AV DE LOS TOREROS, 5",443092.0,4475923.0,40.4320021057146,-3.67092933307802,,cultural, JMD Salamanca , Salamanca ,,DRAGADOS,2018-11-19
66.0,2074.0,CC JOSE LUIS LÓPEZ VÁZQUEZ,"C/ FEBRERO, 4",451431.0,4477509.0,40.4468185923002,-3.57274116382091,,cultural, JMD San Blas Canillejas , San Blas Canillejas ,,DRAGADOS,2019-03-07
67.0,1974.0,JMD SAN BLAS - CANILLEJAS,"AV/ DE ARCENTALES, 26",448295.0,4476161.0,40.4344858647358,-3.6096102461466,,administrativo, JMD San Blas Canillejas , San Blas Canillejas ,,,2018-01-15
68.0,2033.0,CDM ANTONIO DÍAZ MIGUEL,"C/JOAQUIN DICENTA, 1 ",441058.0,4480296.0,40.4712542658614,-3.69532569789638,,deportivo, JMD Tetuán , Tetuán ,,FERROVIAL,2018-11-12
69.0,2011.0,CC EDUARDO ÚRCULO Y BIBLIOTECA MARÍA ZAMBRANO,"PLAZA DE DONOSO, 5",440857.0,4480052.0,40.4690329914409,-3.69766200679649,,cultural, JMD Tetuán , Tetuán ,,AURA,2018-03-05
70.0,1026.0,CSS SAN FILIBERTO,"C/ SAN FILIBERTO, 5 BJ ",439298.0,4470826.0,40.3858176778342,-3.71518188811652,,social, JMD Usera , Usera ,,AURA,2018-02-19
71.0,1096.0,CMM ORCASUR,"AV ORCASUR, 64",440559.0,4468845.0,40.3680537472289,-3.70012965685136,,social, JMD Usera , Usera ,,AURA,2018-10-16
72.0,1095.0,CC ORCASUR Y BIBLIOTECA GABRIEL GARCÍA MÁRQUEZ," PLAZA PUEBLO, 1 BJ1",440472.0,4468702.0,40.3667683247534,-3.7011410630838,,cultural, JMD Usera , Usera ,,AURA,2018-12-14
73.0,1092.0,JMD USERA,"AV/. RAFAELA YBARRA, 41",439670.0,4470445.0,40.3824125300917,-3.7107515747822304,,administrativo, JMD Usera , Usera ,,AURA,2019-02-14
74.0,1894.0,CDM ORCASUR,"C/ MOREJA, 3",440727.0,4469292.0,40.3702199337385,-3.69946890060774,,deportivo, JMD Usera , Usera ,,IMESAPI,2019-01-03
75.0,2441.0,EI PENSAMIENTO (MIRASIERRA),"C/ MIRASIERRA, 27 ",448843.0,4473366.0,40.409341,-3.602926,,educativo,  JMD Usera , Usera ,,ELECTOSA ,2018-05-09
76.0,1890.0,CDM VICÁLVARO (MARGOT MOLÉS),"Pº POLIDEPORTIVO, 3",448815.0,4473344.0,40.409140618584,-3.60326473285039,6.856,deportivo, JMD Vicálvaro , Vicálvaro ,,PECSA,2018-11-12
77.0,1763.0,CC VALDEBERNARDO Y BIBLIOTECA FRANCISCO AYALA,"C/ BULEVAR INDALECIO PRIETO, 21",447278.0,4472321.0,40.399828914104,-3.62128189057037,3.2,cultural, JMD Vicálvaro , Vicálvaro ,,PECSA,2018-11-12
78.0,1028.0,CC EL MADROÑO Y BIBLIOTECA VICÁLVARO,"C/ VILLARDONDIEGO, 36",448357.0,4472920.0,40.405292721436,-3.6086161200017104,2.452,cultural, JMD Vicálvaro , Vicálvaro ,,PECSA,2018-11-12
79.0,1352.0,JMD VICÁLVARO,"PLAZA DON ANTONIO DE ANDRÉS, 18",448578.0,4472583.0,40.4022704797848,-3.6059845330840705,1.674,administrativo, JMD Vicálvaro , Vicálvaro ,,PECSA,2018-11-12
80.0,1393.0,CSS PUERTO DE LAS PILAS,"C/ FUENTIDUEÑA,16",447222.0,4469088.0,40.370701,-3.621679,1.021,social, JMD Villa de Vallecas , Villa de Vallecas ,,PECSA,2018-11-16
81.0,277.0,CMM VILLA DE VALLECAS ,"C/ PICO DE MAMPODRE, 6",447264.0,4469823.0,40.3773243810878,-3.6212400484216896,815.0,social, JMD Villa de Vallecas , Villa de Vallecas ,,PECSA,2018-11-16
82.0,1383.0,JMD VILLA DE VALLECAS,"Pº FEDERICO GARCÍA LORCA, 12",447248.0,4469998.0,40.3788998244401,-3.6214547858699,3.29,administrativo, JMD Villa de Vallecas , Villa de Vallecas ,,AURA,2018-03-07
83.0,1770.0,CDM FÉLIX RUBIO,"C/CIUDADANÍA, 9",441281.0,4467659.0,40.3574296786752,-3.69152880469694,,deportivo, JMD Villaverde , Villaverde ,,AURA,2018-02-19
84.0,1953.0,CC MARCONI,"AV/ MARCONI, 2 BAJO/1",440472.0,4465148.0,40.334751832113696,-3.70080956092159,,cultural, JMD Villaverde , Villaverde ,,AURA,2018-03-05
85.0,1905.0,CC LOS ROSALES (NUEVO ROSALES),"AV/ LOS ROSALES, 133",442482.0,4466908.0,40.3507479743351,-3.67730644219692,,cultural, JMD Villaverde , Villaverde ,,AURA,2018-02-19
86.0,1031.0,CC BOHEMIOS,"C/ BOHEMIOS 1, B1",441066.0,4467547.0,40.3563965425188,-3.69405018466108,,cultural, JMD Villaverde , Villaverde ,,AURA,2018-11-12
87.0,1109.0,JMD VILLAVERDE,"C/ ARROYO BUENO, 53, Sot Dch 1",439603.0,4466726.0,40.3488958485546,-3.71120030905872,,administrativo, JMD Villaverde , Villaverde ,,AURA,2020-01-29
88.0,1895.0,CDM EL ESPINILLO,"CARRETERA DE VILLAVERDE A VALLECAS, 19",441698.0,4467536.0,40.3563419399193,-3.68659514182063,,deportivo, JMD Villaverde , Villaverde ,,UGARTE,2019-01-03
89.0,2438.0,EI MAMUT  (BUTARQUE),"C/ MARICARA, 32",442483.0,4465459.0,40.337689,-3.677163,,educativo, JMD Villaverde , Villaverde ,,FERROVIAL,2019-10-18
90.0,155.0,PARQUE BOMBEROS Nº 8,CALLE BOADA 9,444572.0,4471763.0,40.3946173183705,-3.6531308970881295,,seguridad," AG de Portavoz, Seguridad y Emergencias ", Puente de Vallecas ,,SAVEFFI,2020-03-25
91.0,,CC RUBÉN DARÍO/CASA ASOCIACIONES HORTALEZA ,CALLE MATAPOZUELOS 2,444896.0,4479194.0,40.461589,-3.649947,,mixto, JMD Hortaleza , Hortaleza ,,,
92.0,,EI PLÉYADES,AVENIDA SECUNDINO ZUAZO 52,447428.0,4482921.0,40.4953303405269,-3.62038557307297,,educativo, JMD Hortaleza , Hortaleza ,,SAVEFFI,
93.0,,CMM VALLEHERMOSO,CALLE VALLEHERMOSO 47,439883.0,4476241.0,40.434646,-3.708785,,social, JMD Chamberí , Chamberí ,,ACCIONA,2020-11-20
94.0,1208.0,BIBLIOTECA GERARDO DIEGO,"CALLE  MONTE AYA,  12",447138.0,4469889.0,40.3779019624043,-3.6227296605039503,,cultural, JMD Villa de Vallecas , Villa de Vallecas ,,ACCIONA,2020-12-03
95.0,1912.0,BIBLIOTECA MANUEL VÁZQUEZ MONTALBÁN,"CALLE FRANCOS RODRÍGUEZ, 67",439742.0,4478747.0,40.457184075958224,-3.71072923157359e+16,,cultural, JMD Tetuán , Tetuán ,,ACCIONA,
96.0,1114.0,CDM PLATA Y CASTAÑAR,"PASEO  PLATA Y CASTAÑAR,  7",439040.0,4466852.0,40.3499899734807,-3.71784130732028,,deportivo, JMD Villaverde , Villaverde  ,,SAVEFFI,2020-12-16
99.0,1930.0,CDM JOSE MARIA CAGIGAL,"C/ SANTA POLA, 22",437491.0,4475985.0,40.4321495534278,-3.7369645992831297,,deportivo, JMD Moncloa Aravaca , Moncloa Aravaca ,,,2020-11-10
103.0,149.0,CEIP SAN JUAN DE LA CRUZ,"C/ DE HONDURAS, 10, 28016 MADRID",442495.0,4479193.0,40.4595373759822,-3.67954186336266,,educativo, JMD Chamartín , Chamartín ,,,2020-11-10
104.0,363.0,CEIP ARQUITECTO GAUDÍ,"C/ ROSA JARDÓN, 10, 28016 MADRID",443279.0,4479632.0,40.4654182810019,-3.66906777282054,,educativo, JMD Chamartín , Chamartín ,,,2020-11-17
105.0,212.0,CEIP ISAAC ALBÉNIZ,"C/ DRACENA, 29, 28016 MADRID",443272.0,4479500.0,40.4642287544101,-3.66912674105744,,educativo, JMD Chamartín , Chamartín ,,,2020-11-10
106.0,245.0,CEIP PADRE POVEDA,"AV/ ALFONSO XIII, 23, 28002 MADRID",443380.0,4478055.0,40.4512188749858,-3.6677240367753106,,educativo, JMD Chamartín , Chamartín ,,,2021-11-10
119.0,,EI PARQUE INGENIEROS,C/TABERNERA DEL PUERTO 26,440213.0,4467439.0,40.35536909956173,-3.704068831577452,,educativo, JMD Villaverde , Villaverde ,,,2020-11-10
127.0,165.0,UID MONCLOA-ARAVACA,"AVDA. VALLADOLID, 6",438135.0,4475651.0,40.42921628449648,-3.729571273483944,,seguridad," AG de Portavoz, Seguridad y Emergencias ", Moncloa Aravaca ,,FERROVIAL,2021-01-04
130.0,140.0,CENTRO ACOGIDA SAN ISIDRO,PASEO DEL REY 34,438682.0,4475287.0,40.42596,-3.72286,, social ," AG de Familias, Igualdad y Bienestar Social ", Moncloa Aravaca ,,,2020-11-10
132.0,1942.0,CDM SAN BLAS,"C/ ARCOS DE JALÓN,  59",448173.0,4475549.0,40.4289614183123,-3.61100219489644,, deportivo , JMD San Blas Canillejas , San Blas Canillejas ,,,2021-04-28
133.0,,UID HORTALEZA,"C/AREQUIPA , 2",445584.0,4480019.0,40.4690662268373,-3.64190037358966,, seguridad ," AG de Portavoz, Seguridad y Emergencias ", Hortaleza ,,AURA,2021-08-12
134.0,,CDM JUAN DE DIOS ROMÁN,"C/JOSÉ GUTIÉRREZ MAROTO, 34",448935.0,4468432.0,40.3648918241858,-3.601441011212612,, deportivo , JMD Villa de Vallecas , Villa de Vallecas ,,FERROVIAL,2021-10-01
,,BIBLIOTECA ÃNGEL GONZALEZ,,434954.0,4472113.0,40.397074625115906,-3.7664885474841503,,cultural,,Latina,,ORTIZ,2019-07-31
,,BIBLIOTECA IVÃN DE VARGAS,,439775.0,4473962.0,40.4141029084466,-3.70985912127358,,cultural,,Centro,,ORTIZ,2019-07-24
,,BIBLIOTECA EUGENIO TRIAS (CASA FIERAS),,442345.0,4474221.0,40.4166091081099,-3.67959303680348,,cultural,,Retiro,,ORTIZ,2019-07-24
,,PLANETARIO,,441830.0,4471375.0,40.3909440818148,-3.68539115543989,3062.0,cultural,,Arganzuela,,FULTON,2019-09-13
,,MADRID EMPRENDE,,436689.0,4468938.0,40.368615544135,-3.74573026512817,,administrativo,,Carabanchel,,,
,,NAVE BOETTICHER,,440849.0,4466524.0,40.347177,-3.696499,,administrativo,,Villaverde,,ETRALUX,
,,OFICINA ECONOMIA SOCIAL-PROYECTO MARES ALBERTO PALACIOS,,439657.0,4466414.0,40.346099,-3.710522,,administrativo,,Villaverde,,AURA,2019-01-15
,,AULA DE LA NATURALEZA DEHESA DE LA VILLA,,439102.0,4478967.0,40.4591410411634,-3.71827056367926,,medioambiental,,Moncloa Aravaca,,,2008-08-13
,,VIVERO MUNICIPAL DE ESTUFAS DEL RETIRO,,441779.0,4473428.0,40.4094350327911,-3.68617978009932,,medioambiental,,Retiro,,,
,,VIVERO MUNICIPAL DE MIGAS CALIENTES,,437394.0,4476508.0,40.4368625714704,-3.73817152304904,,medioambiental,,Moncloa Aravaca,,,
,,ROSALEDA DEL PARQUE DEL OESTE,,438775.0,4475363.0,40.426646,-3.721771,,medioambiental,,Moncloa Aravaca,,,
,,ALMACÃN DE LA VILLA,,449323.0,4471841.0,40.395628,-3.597144,,almacÃ©n,,VicÃ¡lvaro,,SAVEFFI,2020-03-27
,,BASE SAMUR NÂº 14 FUERTE DE NAVIDAD,,435024.0,4470233.0,40.380148,-3.765466,,sanitario,,Latina,,AURA,2018-02-14
,,CENTRO PROTECCIÃN ANIMAL,,433934.0,4468399.0,40.3635463096433,-3.77811006728668,,sanitario,,Latina,,POWEN,2018-06-21
,,BASE SAMUR NÂº 02 SAN BERNARDO/ CENTRO INTEGRAL EMERGENCIAS,,440066.0,4475362.0,40.4267358311415,-3.70654962226942,,seguridad,,Centro,,AURA,2020-02-14
,,PARQUE DE BOMBEROS NÂº 7,,447796.0,4475482.0,40.4283288391741,-3.6154373664644304,,seguridad,,San Blas Canillejas,,FERROVIAL,2018-02-13
,,PARQUE DE BOMBEROS NÂº 11,,443623.0,4480593.0,40.4740988954065,-3.66508396658848,,seguridad,,Hortaleza,,FERROVIAL,2019-10-01
,,CSS JOSÃ VILLARREAL (ARGANZUELA),,440953.0,4471932.0,40.3940185448828,-3.69705214496161,,social,,Arganzuela,,,2008-09-29
,,EI LA MELONERA ,,442243.0,4471700.0,40.3939029832483,-3.68055149170835,,educativo,,Arganzuela,,IMESAPI,2019-05-07
,,CDM MARQUÃS DE SAMARANCH,,439131.0,4473248.0,40.4076150141064,-3.7173807221939104,11523.0,deportivo,,Arganzuela,,EULEN,2019-02-12
,,CDI ARGANZUELA,,440979.0,4472617.0,40.4020727986286,-3.6955325387824,12470.0,mixto,,Arganzuela,,EULEN,2019-03-10
,,CDM ARGANZUELA LA FUNDI,,441329.0,4471761.0,40.394377158851,-3.6913410601461,,deportivo,,Arganzuela,,,2020-02-28
,,CC Y BIBLIOTECA GLORIA FUERTES,,449666.0,4479054.0,40.4606228353796,-3.59368776573359,,cultural,,Barajas,,DRAGADOS,2019-12-14
,,CMM ACUARIO,,450862.0,4480620.0,40.474801968086496,-3.57969145174686,,social,,Barajas,,EULEN,2019-04-01
,,CC SAN FRANCISCO LA PRENSA,,437044.0,4469856.0,40.3769031921739,-3.74163973555209,,cultural,,Carabanchel,,,2008-09-29
,,CSC GARCÃA LORCA,,436243.0,4469562.0,40.3742029001021,-3.75103374498486,,cultural,,Carabanchel,,AURA,2018-09-25
,,CDM PUERTA BONITA (ANTIGUO CANÃDROMO),,437604.0,4472194.0,40.3980160845768,-3.7352725040539503,,deportivo,,Carabanchel,,AURA,2019-03-07
,,CEIP /EIM FERNANDO EL CATÃLICO,,439802.0,4476182.0,40.4341036895304,-3.70973929433482,,educativo,,ChamberÃ­,,EULEN,2019-12-14
,,"JMD CIUDAD LINEAL (CMM, CC, BIBLIOTECA)",,445975.0,4476345.0,40.4359959748431,-3.6369774916267,7239.0,mixto,,Ciudad Lineal,,PECSA,2018-10-24
,,"CENTRO DE DÃA Y DE MAYORES ASCAO/
BIBLIOTECA PABLO NERUDA",,445600.0,4475637.0,40.4295843942338,-3.6413497414718705,3542.0,mixto,,Ciudad Lineal,,PECSA,2018-01-21
,,CC LA ELIPA Y CSS SANTA FELICIDAD,,444825.0,4475074.0,40.4244706080435,-3.6504253324201104,2380.0,mixto,,Ciudad Lineal,,PECSA,2018-08-22
,,CC Y CMM SAN JUAN BAUTISTA,,444202.0,4478162.0,40.4522473796527,-3.6580402287911906,2167.0,mixto,,Ciudad Lineal,,PECSA,2018-01-21
,,CMM Y CSS LUIS VIVES,,446786.0,4475211.0,40.4239607645562,-3.62858860100972,1378.0,social,,Ciudad Lineal,,PECSA,2018-01-21
,,CMM / CC / BIBILIO LA ELIPA (ANTES ISLAS FILIPINAS),,444814.0,4475167.0,40.4234265908421,-3.65184164138948,2250.0,social,,Ciudad Lineal,,PECSA,2018-10-24
,,CSS SAN VICENTE DE PAUL,,439255.0,4480448.0,40.4724846268841,-3.71660783300847,,social,,Fuencarral El Pardo,,AVELSA (Avance Electrico S.L) ,2018-09-01
,,EI ELENA FORTÃN (MONTECARMELO),,441162.0,4484225.0,40.506657,-3.694447,,educativo,,Fuencarral El Pardo,,ORTHEM,2019-03-07
,,CDM VICENTE DEL BOSQUE,,441216.0,4481146.0,40.4789135943213,-3.69354065974728,7507.0,deportivo,,Fuencarral El Pardo,,Ortiz,2019-05-28
,,CDM LA MASÃ,,439451.0,4481771.0,40.4844259993208,-3.71442225647198,8469.0,deportivo,,Fuencarral El Pardo,,DRAGADOS,2019-12-11
,,EI EL FRESNO,,438637.0,4482886.0,40.494405,-3.724127,,educativo,,Fuencarral El Pardo,,,2019-04-26
,,EI POETA GLORIA FUERTES (LAS TABLAS),,442700.0,4484024.0,40.504951,-3.676283,,educativo,,Fuencarral El Pardo,,CONDISA,2019-02-12
,,CDM LUIS ARAGONÃS,,446795.0,4479520.0,40.4646509480538,-3.62758771450258,5588.0,deportivo,,Hortaleza,,DRAGADOS,2018-11-15
,,CC SANCHINARRO Y BIBLIOTECA MARÃA LEJÃRRAGA,,444469.0,4482391.0,40.4903531015737,-3.65526174471725,,cultural,,Hortaleza,,DRAGADOS,2019-02-22
,,JMD HORTALEZA,,444286.0,4479355.0,40.462991140169,-3.65715427699194,,administrativo,,Hortaleza,,DRAGADOS,2019-03-07
,,CC FEDERICO CHUECA ,,444847.0,4479572.0,40.46498334634,-3.65056826658469,,cultural,,Hortaleza,,DRAGADOS,2018-11-19
,,JMD LATINA,,435041.0,4470644.0,40.3838571804374,-3.76530195937242,,administrativo,,Latina,,AURA,2018-11-22
,,CDM LAS CRUCES,,435779.0,4470115.0,40.379148937377295,-3.75655476241196,,deportivo,,Latina,,FERROVIAL,2019-02-08
,,CENTRO DE DÃA GERTRUDIS DE LA FUENTE,,437062.0,4472332.0,40.3992228218455,-3.74165624171805,,social,,Latina,,AURA,2019-05-25
,,CENTRO DE ACOGIDA MUNICIPAL PUERTA ABIERTA,,434109.0,4468407.0,40.3636232165702,-3.77604986037844,,social,,Latina,,,2016-08-08
,,CDM GALLUR,,437595.0,4472245.0,40.398465832065,-3.73538345068692,6305.0,deportivo,,Latina,,AURA,2020-02-19
,,EI BOLA DE CRISTAL (VALDEZARZA),,439360.0,4479933.0,40.467857,-3.715308,,educativo,,Moncloa Aravaca,,CYOPSA,2018-12-06
,,IDM LA BOMBILLA,,437798.0,4476478.0,40.436623,-3.733391,,deportivo,,Moncloa Aravaca,,CONDISA (grupo Ortiz),2019-01-23
,,CC EDUARDO CHILLIDA Y BIBLIOTECA MIGUEL DELIBES,,444577.0,4473403.0,40.4093917367651,-3.65321477735933,,cultural,,Moratalaz,,PECSA,2018-10-24
,,CMM EL ALMENDRO/ CSS VALDEBERARDO,,447057.0,4472576.0,40.4021030238157,-3.62391894122114,,social,,VicÃ¡lvaro,,PECSA,2018-10-24
,,EI SABINA (MORATALAZ),,446468.0,4472964.0,40.405577,-3.630877,,educativo,,Moratalaz,,CYOPSA,
,,CDM MORATALAZ,,446331.0,4472220.0,40.3988585457233,-3.63243229021453,8104.0,deportivo,,Moratalaz,,FERROVIAL,2019-03-08
,,CSS RETIRO Y APARTAMENTOS TUTELADOS ,,443346.0,4473992.0,40.4146148994401,-3.66777459044681,,social,,Retiro,,OHL,2019-03-25
,,CEIP ESCUELAS AGUIRRE,,442787.0,4473989.0,40.4145497024899,-3.67435086047564,,educativo,,Retiro,,OHL,2019-03-03
,,CEIP JOSE CALVO SOTELO,,442826.0,4472467.0,40.4008413126834,-3.6737662524006702,,educativo,,Retiro,,OHL,2019-03-03
,,CEIP CIUDAD DE ROMA,,443564.0,4474129.0,40.4158639493011,-3.66520562618556,,educativo,,Retiro,,OHL,2019-03-03
,,CMM LA ESTRELLA - CARMEN MARTÃN GAITE,,443476.0,4473852.0,40.4133787186389,-3.66620904783224,,social,,Retiro,,,2016-10-26
,,CMM/CENTRO DIA/CSS LA GUINDALERA,,443247.0,4476088.0,40.4334991005029,-3.6691167784691694,,social,,Salamanca,,FERROVIAL,2018-09-20
,,CC BUENAVISTA Y BIBLIOTECA DAVID GISTAU,,443092.0,4475923.0,40.4320021057146,-3.67092933307802,,cultural,,Salamanca,,FERROVIAL,2018-11-13
,,CC JOSE LUIS LÃPEZ VÃZQUEZ,,451431.0,4477509.0,40.4468185923002,-3.57274116382091,,cultural,,San Blas Canillejas,,DRAGADOS,2018-11-19
,,JMD SAN BLAS - CANILLEJAS,,448295.0,4476161.0,40.4344858647358,-3.6096102461466,,administrativo,,San Blas Canillejas,,DRAGADOS,2019-03-07
,,CDM ANTONIO DÃAZ MIGUEL,,441058.0,4480296.0,40.4712542658614,-3.69532569789638,,deportivo,,TetuÃ¡n,,,2018-01-15
,,CC EDUARDO ÃRCULO Y BIBLIOTECA MARÃA ZAMBRANO,,440857.0,4480052.0,40.4690329914409,-3.69766200679649,,cultural,,TetuÃ¡n,,FERROVIAL,2018-11-12
,,CSS SAN FILIBERTO,,439298.0,4470826.0,40.3858176778342,-3.71518188811652,,social,,Usera,,AURA,2018-03-05
,,CMM ORCASUR,,440559.0,4468845.0,40.3680537472289,-3.70012965685136,,social,,Usera,,AURA,2018-02-19
,,CC ORCASUR Y BIBLIOTECA GABRIEL GARCÃA MÃRQUEZ,,440472.0,4468702.0,40.3667683247534,-3.7011410630838,,cultural,,Usera,,AURA,2018-10-16
,,JMD USERA,,439670.0,4470445.0,40.3824125300917,-3.7107515747822304,,administrativo,,Usera,,AURA,2018-12-14
,,CDM ORCASUR,,440727.0,4469292.0,40.3702199337385,-3.69946890060774,,deportivo,,Usera,,AURA,2019-02-14
,,EI PENSAMIENTO (MIRASIERRA),,448843.0,4473366.0,40.409341,-3.602926,,educativo,,Usera,,IMESAPI,2019-01-03
,,CDM VICÃLVARO (MARGOT MOLÃS),,448815.0,4473344.0,40.409140618584,-3.60326473285039,6856.0,deportivo,,VicÃ¡lvaro,,ELECTOSA ,2018-05-09
,,CC VALDEBERNARDO Y BIBLIOTECA FRANCISCO AYALA,,447278.0,4472321.0,40.399828914104,-3.62128189057037,3200.0,cultural,,VicÃ¡lvaro,,PECSA,2018-11-12
,,CC EL MADROÃO Y BIBLIOTECA VICÃLVARO,,448357.0,4472920.0,40.405292721436,-3.6086161200017104,2452.0,cultural,,VicÃ¡lvaro,,PECSA,2018-11-12
,,JMD VICÃLVARO,,448578.0,4472583.0,40.4022704797848,-3.6059845330840705,1674.0,administrativo,,VicÃ¡lvaro,,PECSA,2018-11-12
,,CSS PUERTO DE LAS PILAS,,447222.0,4469088.0,40.370701,-3.621679,1021.0,social,,Villa de Vallecas,,PECSA,2018-11-12
,,CMM VILLA DE VALLECAS ,,447264.0,4469823.0,40.3773243810878,-3.6212400484216896,815.0,social,,Villa de Vallecas,,PECSA,2018-11-16
,,JMD VILLA DE VALLECAS,,447248.0,4469998.0,40.3788998244401,-3.6214547858699,3290.0,administrativo,,Villa de Vallecas,,PECSA,2018-11-16
,,CDM FÃLIX RUBIO,,441281.0,4467659.0,40.3574296786752,-3.69152880469694,,deportivo,,Villaverde,,AURA,2018-03-07
,,CC MARCONI,,440472.0,4465148.0,40.334751832113696,-3.70080956092159,,cultural,,Villaverde,,AURA,2018-02-19
,,CC NUEVO ROSALES,,442482.0,4466908.0,40.3507479743351,-3.67730644219692,,cultural,,Villaverde,,AURA,2018-03-05
,,CC BOHEMIOS,,441066.0,4467547.0,40.3563965425188,-3.69405018466108,,cultural,,Villaverde,,AURA,2018-02-19
,,JMD VILLAVERDE,,439603.0,4466726.0,40.3488958485546,-3.71120030905872,,administrativo,,Villaverde,,AURA,2018-11-12
,,CDM EL ESPINILLO,,441698.0,4467536.0,40.3563419399193,-3.68659514182063,,deportivo,,Villaverde,,AURA,2020-01-29
,,EI MAMUT  (BUTARQUE),,442483.0,4465459.0,40.337689,-3.677163,,educativo,,Villaverde,,UGARTE,2019-01-03
,,PARQUE BOMBEROS NÂº 8,,444572.0,4471763.0,40.3946173183705,-3.6531308970881295,,seguridad,,Puente de Vallecas,,FERROVIAL,2019-10-18
,,CAF-2 y Casa de NiÃ±os (antes CC RubÃ©n DarÃ­o) ,,444896.0,4479194.0,40.461589,-3.649947,,mixto,,Hortaleza,,SAVEFFI,2020-03-25
,,EI PLÃYADES,,447428.0,4482921.0,40.4953303405269,-3.62038557307297,,educativo,,Hortaleza,,,
,,CMM ANTONIO MINGOTE (VALLEHERMOSO),,439883.0,4476241.0,40.434646,-3.708785,,social,,ChamberÃ­,,SAVEFFI,2020-07-07
,,BIBLIOTECA GERARDO DIEGO,,447138.0,4469889.0,40.3779019624043,-3.6227296605039503,,cultural,,Villa de Vallecas,,ACCIONA,2020-11-20
,,BIBLIOTECA MANUEL VÃZQUEZ MONTALBÃN,,439742.0,4478747.0,40.457184075958224,-3.7107292315735902,,cultural,,TetuÃ¡n,,ACCIONA,2020-12-03
,,CDM PLATA Y CASTAÃAR,,439040.0,4466852.0,40.3499899734807,-3.71784130732028,,deportivo,,Villaverde ,,ACCIONA,2022-05-13
,,BIBLIOTECA MUNICIPAL BARRIO DE SAN FERMÃN,,441246.0,4469170.0,40.371038706146415,-3.6925563084154094,,cultural,,Usera,,,2022-02-01
,,CDM JOSE MARIA CAGIGAL,,437491.0,4475985.0,40.4321495534278,-3.7369645992831297,,deportivo,,Moncloa Aravaca,,SAVEFFI,2020-12-16
,,CEIP SAN JUAN DE LA CRUZ,,442495.0,4479193.0,40.4595373759822,-3.67954186336266,,educativo,,ChamartÃ­n,,,2020-11-10
,,CEIP ARQUITECTO GAUDÃ,,443279.0,4479632.0,40.4654182810019,-3.66906777282054,,educativo,,ChamartÃ­n,,,2020-11-10
,,CEIP ISAAC ALBÃNIZ,,443272.0,4479500.0,40.4642287544101,-3.66912674105744,,educativo,,ChamartÃ­n,,,2020-11-17
,,CEIP PADRE POVEDA,,443380.0,4478055.0,40.4512188749858,-3.6677240367753106,,educativo,,ChamartÃ­n,,,2020-11-10
,,CSC OPORTO,,438232.0,4470949.0,40.3868474412412,-3.72774032674395,,social,,Carabanchel,,ACCIONA FACILITY SERVICES,2021-11-10
,,CSS PABLO CASALS,,447439.0,4475240.0,40.426126275975,-3.61962582945766,,social,,San Blas Canillejas,,,2022-09-29
,,EI PARQUE INGENIEROS,,440213.0,4467439.0,40.35536909956173,-3.704068831577452,,educativo,,Villaverde,,,2020-11-10
,,UID MONCLOA-ARAVACA,,438135.0,4475651.0,40.42921628449648,-3.729571273483944,,seguridad,,Moncloa Aravaca,,FERROVIAL,2021-01-04
,,IDB ORCASITAS,,439613.0,4468757.0,40.36719728504001,-3.711260959329783,,deportivo ,,Usera,,EXTRACO CONSTRUCCIONS E PROXECTOS SA (subontrata Servipack Mantenimientos Industriales),
,,CENTRO ACOGIDA SAN ISIDRO,,438682.0,4475287.0,40.42596,-3.72286,,social,,Moncloa Aravaca,,,2020-11-10
,,CDM SAN BLAS,,448173.0,4475549.0,40.4289614183123,-3.61100219489644,,deportivo,,San Blas Canillejas,,,2021-04-28
,,UID HORTALEZA,,445584.0,4480019.0,40.4690662268373,-3.64190037358966,,seguridad,,Hortaleza,,AURA,2021-08-12
,,CDM JUAN DE DIOS ROMÃN,,448935.0,4468432.0,40.3648918241858,-3.601441011212612,,deportivo,,Villa de Vallecas,,FERROVIAL,2021-10-01
,,BIBLIOTECA ÃNGEL GONZALEZ,,434954.0,4472113.0,40.397074625115906,-3.7664885474841503,,cultural,,LATINA,20.0,ORTIZ,2019-07-31
,,BIBLIOTECA IVÃN DE VARGAS,,439775.0,4473962.0,40.4141029084466,-3.70985912127358,,cultural,,CENTRO,3.0,ORTIZ,2019-07-24
,,BIBLIOTECA EUGENIO TRIAS (CASA FIERAS),,442345.0,4474221.0,40.4166091081099,-3.67959303680348,,cultural,,RETIRO,,ORTIZ,2019-07-24
,,PLANETARIO,,441830.0,4471375.0,40.3909440818148,-3.68539115543989,3062.0,cultural,,ARGANZUELA,25.0,FULTON,2019-09-13
,,MADRID EMPRENDE,,436689.0,4468938.0,40.368615544135,-3.74573026512817,,administrativo,,CARABANCHEL,10.0,,
,,NAVE BOETTICHER,,440849.0,4466524.0,40.347177,-3.696499,,administrativo,,VILLAVERDE,5.0,ETRALUX,
,,OFICINA ECONOMIA SOCIAL-PROYECTO MARES ALBERTO PALACIOS,,439657.0,4466414.0,40.346099,-3.710522,,administrativo,,VILLAVERDE,7.0,AURA,2019-01-15
,,AULA DE LA NATURALEZA DEHESA DE LA VILLA,,439102.0,4478967.0,40.4591410411634,-3.71827056367926,,medioambiental,,MONCLOA - ARAVACA,,,2008-08-13
,,VIVERO MUNICIPAL DE ESTUFAS DEL RETIRO,,441779.0,4473428.0,40.4094350327911,-3.68617978009932,,medioambiental,,RETIRO,5.0,,
,,VIVERO MUNICIPAL DE MIGAS CALIENTES,,437394.0,4476508.0,40.4368625714704,-3.73817152304904,,medioambiental,,MONCLOA - ARAVACA,,,
,,ROSALEDA DEL PARQUE DEL OESTE,,438775.0,4475363.0,40.426646,-3.721771,,medioambiental,,MONCLOA - ARAVACA,5.0,,
,,ALMACÃN DE LA VILLA,,449323.0,4471841.0,40.395628,-3.597144,,almacÃ©n,,VICALVARO,,SAVEFFI,2020-03-27
,,BASE SAMUR NÂº 14 FUERTE DE NAVIDAD,,435024.0,4470233.0,40.380148,-3.765466,,sanitario,,LATINA,6.0,AURA,2018-02-14
,,CENTRO PROTECCIÃN ANIMAL,,433934.0,4468399.0,40.3635463096433,-3.77811006728668,,sanitario,,LATINA,,POWEN,2018-06-21
,,BASE SAMUR NÂº 02 SAN BERNARDO/ CENTRO INTEGRAL EMERGENCIAS,,440066.0,4475362.0,40.4267358311415,-3.70654962226942,,seguridad,,CENTRO,5.0,AURA,2020-02-14
,,PARQUE DE BOMBEROS NÂº 7,,447796.0,4475482.0,40.4283288391741,-3.6154373664644304,,seguridad,,SAN BLAS - CANILLEJAS,35.0,FERROVIAL,2018-02-13
,,PARQUE DE BOMBEROS NÂº 11,,443623.0,4480593.0,40.4740988954065,-3.66508396658848,,seguridad,,HORTALEZA,25.0,FERROVIAL,2019-10-01
,,CSS JOSÃ VILLARREAL (ARGANZUELA),,440953.0,4471932.0,40.3940185448828,-3.69705214496161,,social,,ARGANZUELA,17.0,,2008-09-29
,,EI LA MELONERA ,,442243.0,4471700.0,40.3939029832483,-3.68055149170835,,educativo,,ARGANZUELA,,IMESAPI,2019-05-07
,,CDM MARQUÃS DE SAMARANCH,,439131.0,4473248.0,40.4076150141064,-3.7173807221939104,11523.0,deportivo,,ARGANZUELA,90.0,EULEN,2019-02-12
,,CDI ARGANZUELA,,440979.0,4472617.0,40.4020727986286,-3.6955325387824,12470.0,mixto,,ARGANZUELA,90.0,EULEN,2019-03-10
,,CDM ARGANZUELA LA FUNDI,,441329.0,4471761.0,40.394377158851,-3.6913410601461,,deportivo,,ARGANZUELA,10.0,,2020-02-28
,,CC Y BIBLIOTECA GLORIA FUERTES,,449666.0,4479054.0,40.4606228353796,-3.59368776573359,,cultural,,BARAJAS,,DRAGADOS,2019-12-14
,,CMM ACUARIO,,450862.0,4480620.0,40.474801968086496,-3.57969145174686,,social,,BARAJAS,,EULEN,2019-04-01
,,CC SAN FRANCISCO LA PRENSA,,437044.0,4469856.0,40.3769031921739,-3.74163973555209,,cultural,,CARABANCHEL,5.0,,2008-09-29
,,CSC GARCÃA LORCA,,436243.0,4469562.0,40.3742029001021,-3.75103374498486,,cultural,,CARABANCHEL,3.0,AURA,2018-09-25
,,CDM PUERTA BONITA (ANTIGUO CANÃDROMO),,437604.0,4472194.0,40.3980160845768,-3.7352725040539503,,deportivo,,CARABANCHEL,3.0,AURA,2019-03-07
,,CEIP /EIM FERNANDO EL CATÃLICO,,439802.0,4476182.0,40.4341036895304,-3.70973929433482,,educativo,,CHAMBERI,,EULEN,2019-12-14
,,"JMD CIUDAD LINEAL (CMM, CC, BIBLIOTECA)",,445975.0,4476345.0,40.4359959748431,-3.6369774916267,7239.0,mixto,,CIUDAD LINEAL,25.0,PECSA,2018-10-24
,,"CENTRO DE DÃA Y DE MAYORES ASCAO/
BIBLIOTECA PABLO NERUDA",,445600.0,4475637.0,40.4295843942338,-3.6413497414718705,3542.0,mixto,,CIUDAD LINEAL,,PECSA,2018-01-21
,,CC LA ELIPA Y CSS SANTA FELICIDAD,,444825.0,4475074.0,40.4244706080435,-3.6504253324201104,2380.0,mixto,,CIUDAD LINEAL,15.0,PECSA,2018-08-22
,,CC Y CMM SAN JUAN BAUTISTA,,444202.0,4478162.0,40.4522473796527,-3.6580402287911906,2167.0,mixto,,CIUDAD LINEAL,25.0,PECSA,2018-01-21
,,CMM Y CSS LUIS VIVES,,446786.0,4475211.0,40.4239607645562,-3.62858860100972,1378.0,social,,CIUDAD LINEAL,,PECSA,2018-01-21
,,CMM / CC / BIBILIO LA ELIPA (ANTES ISLAS FILIPINAS),,444814.0,4475167.0,40.4234265908421,-3.65184164138948,2250.0,social,,CIUDAD LINEAL,15.0,PECSA,2018-10-24
,,CSS SAN VICENTE DE PAUL,,439255.0,4480448.0,40.4724846268841,-3.71660783300847,,social,,FUENCARRAL - EL PARDO,,AVELSA (Avance Electrico S.L) ,2018-09-01
,,EI ELENA FORTÃN (MONTECARMELO),,441162.0,4484225.0,40.506657,-3.694447,,educativo,,FUENCARRAL - EL PARDO,,ORTHEM,2019-03-07
,,CDM VICENTE DEL BOSQUE,,441216.0,4481146.0,40.4789135943213,-3.69354065974728,7507.0,deportivo,,FUENCARRAL - EL PARDO,50.0,Ortiz,2019-05-28
,,CDM LA MASÃ,,439451.0,4481771.0,40.4844259993208,-3.71442225647198,8469.0,deportivo,,FUENCARRAL - EL PARDO,7.0,DRAGADOS,2019-12-11
,,EI EL FRESNO,,438637.0,4482886.0,40.494405,-3.724127,,educativo,,FUENCARRAL - EL PARDO,,,2019-04-26
,,EI POETA GLORIA FUERTES (LAS TABLAS),,442700.0,4484024.0,40.504951,-3.676283,,educativo,,FUENCARRAL - EL PARDO,,CONDISA,2019-02-12
,,CDM LUIS ARAGONÃS,,446795.0,4479520.0,40.4646509480538,-3.62758771450258,5588.0,deportivo,,HORTALEZA,,DRAGADOS,2018-11-15
,,CC SANCHINARRO Y BIBLIOTECA MARÃA LEJÃRRAGA,,444469.0,4482391.0,40.4903531015737,-3.65526174471725,,cultural,,HORTALEZA,20.0,DRAGADOS,2019-02-22
,,JMD HORTALEZA,,444286.0,4479355.0,40.462991140169,-3.65715427699194,,administrativo,,HORTALEZA,,DRAGADOS,2019-03-07
,,CC FEDERICO CHUECA ,,444847.0,4479572.0,40.46498334634,-3.65056826658469,,cultural,,HORTALEZA,,DRAGADOS,2018-11-19
,,JMD LATINA,,435041.0,4470644.0,40.3838571804374,-3.76530195937242,,administrativo,,LATINA,27.0,AURA,2018-11-22
,,CDM LAS CRUCES ,,435779.0,4470115.0,40.379148937377295,-3.75655476241196,,deportivo,,LATINA,17.0,FERROVIAL,2019-02-08
,,CENTRO DE DÃA GERTRUDIS DE LA FUENTE,,437062.0,4472332.0,40.3992228218455,-3.74165624171805,,social,,LATINA,50.0,AURA,2019-05-25
,,CENTRO DE ACOGIDA MUNICIPAL PUERTA ABIERTA,,434109.0,4468407.0,40.3636232165702,-3.77604986037844,,social,,LATINA,12.0,,2016-08-08
,,CDM GALLUR,,437595.0,4472245.0,40.398465832065,-3.73538345068692,6305.0,deportivo,,LATINA,20.0,AURA,2020-02-19
,,EI BOLA DE CRISTAL (VALDEZARZA),,439360.0,4479933.0,40.467857,-3.715308,,educativo,,MONCLOA - ARAVACA,6.0,CYOPSA,2018-12-06
,,IDM LA BOMBILLA,,437798.0,4476478.0,40.436623,-3.733391,,deportivo,,MONCLOA - ARAVACA,12.0,CONDISA (grupo Ortiz),2019-01-23
,,CC EDUARDO CHILLIDA Y BIBLIOTECA MIGUEL DELIBES,,444577.0,4473403.0,40.4093917367651,-3.65321477735933,,cultural,,MORATALAZ,10.0,PECSA,2018-10-24
,,CMM EL ALMENDRO/ CSS VALDEBERARDO,,447057.0,4472576.0,40.4021030238157,-3.62391894122114,,social,,VICALVARO,,PECSA,2018-10-24
,,EI SABINA (MORATALAZ),,446468.0,4472964.0,40.405577,-3.630877,,educativo,,MORATALAZ,6.0,CYOPSA,
,,CDM MORATALAZ,,446331.0,4472220.0,40.3988585457233,-3.63243229021453,8104.0,deportivo,,MORATALAZ,40.0,FERROVIAL,2019-03-08
,,CSS RETIRO Y APARTAMENTOS TUTELADOS ,,443346.0,4473992.0,40.4146148994401,-3.66777459044681,,social,,RETIRO,,OHL,2019-03-25
,,CEIP ESCUELAS AGUIRRE,,442787.0,4473989.0,40.4145497024899,-3.67435086047564,,educativo,,RETIRO,7.0,OHL,2019-03-03
,,CEIP JOSE CALVO SOTELO,,442826.0,4472467.0,40.4008413126834,-3.6737662524006702,,educativo,,RETIRO,7.0,OHL,2019-03-03
,,CEIP CIUDAD DE ROMA,,443564.0,4474129.0,40.4158639493011,-3.66520562618556,,educativo,,RETIRO,40.0,OHL,2019-03-03
,,CMM LA ESTRELLA - CARMEN MARTÃN GAITE,,443476.0,4473852.0,40.4133787186389,-3.66620904783224,,social,,RETIRO,,,2016-10-26
,,CMM/CENTRO DIA/CSS LA GUINDALERA,,443247.0,4476088.0,40.4334991005029,-3.6691167784691694,,social,,SALAMANCA,,FERROVIAL,2018-09-20
,,CC BUENAVISTA Y BIBLIOTECA DAVID GISTAU,,443092.0,4475923.0,40.4320021057146,-3.67092933307802,,cultural,,SALAMANCA,,FERROVIAL,2018-11-13
,,CC JOSE LUIS LÃPEZ VÃZQUEZ,,451431.0,4477509.0,40.4468185923002,-3.57274116382091,,cultural,,SAN BLAS - CANILLEJAS,,DRAGADOS,2018-11-19
,,JMD SAN BLAS - CANILLEJAS,,448295.0,4476161.0,40.4344858647358,-3.6096102461466,,administrativo,,SAN BLAS - CANILLEJAS,,DRAGADOS,2019-03-07
,,CDM ANTONIO DÃAZ MIGUEL,,441058.0,4480296.0,40.4712542658614,-3.69532569789638,,deportivo,,TETUAN,25.0,,2018-01-15
,,CC EDUARDO ÃRCULO Y BIBLIOTECA MARÃA ZAMBRANO,,440857.0,4480052.0,40.4690329914409,-3.69766200679649,,cultural,,TETUAN,,FERROVIAL,2018-11-12
,,CSS SAN FILIBERTO,,439298.0,4470826.0,40.3858176778342,-3.71518188811652,,social,,USERA,,AURA,2018-03-05
,,CMM ORCASUR,,440559.0,4468845.0,40.3680537472289,-3.70012965685136,,social,,USERA,,AURA,2018-02-19
,,CC ORCASUR Y BIBLIOTECA GABRIEL GARCÃA MÃRQUEZ,,440472.0,4468702.0,40.3667683247534,-3.7011410630838,,cultural,,USERA,30.0,AURA,2018-10-16
,,JMD USERA,,439670.0,4470445.0,40.3824125300917,-3.7107515747822304,,administrativo,,USERA,5.0,AURA,2018-12-14
,,CDM ORCASUR,,440727.0,4469292.0,40.3702199337385,-3.69946890060774,,deportivo,,USERA,,AURA,2019-02-14
,,EI PENSAMIENTO (MIRASIERRA),,448843.0,4473366.0,40.409341,-3.602926,,educativo,,USERA,,IMESAPI,2019-01-03
,,CDM VICÃLVARO (MARGOT MOLÃS),,448815.0,4473344.0,40.409140618584,-3.60326473285039,6856.0,deportivo,,VICALVARO,,ELECTOSA ,2018-05-09
,,CC VALDEBERNARDO Y BIBLIOTECA FRANCISCO AYALA,,447278.0,4472321.0,40.399828914104,-3.62128189057037,3200.0,cultural,,VICALVARO,,PECSA,2018-11-12
,,CC EL MADROÃO Y BIBLIOTECA VICÃLVARO,,448357.0,4472920.0,40.405292721436,-3.6086161200017104,2452.0,cultural,,VICALVARO,,PECSA,2018-11-12
,,JMD VICÃLVARO,,448578.0,4472583.0,40.4022704797848,-3.6059845330840705,1674.0,administrativo,,VICALVARO,,PECSA,2018-11-12
,,CSS PUERTO DE LAS PILAS,,447222.0,4469088.0,40.370701,-3.621679,1021.0,social,,VILLA DE VALLECAS,20.0,PECSA,2018-11-12
,,CMM VILLA DE VALLECAS ,,447264.0,4469823.0,40.3773243810878,-3.6212400484216896,815.0,social,,VILLA DE VALLECAS,6.0,PECSA,2018-11-16
,,JMD VILLA DE VALLECAS,,447248.0,4469998.0,40.3788998244401,-3.6214547858699,3290.0,administrativo,,VILLA DE VALLECAS,,PECSA,2018-11-16
,,CDM FÃLIX RUBIO,,441281.0,4467659.0,40.3574296786752,-3.69152880469694,,deportivo,,VILLAVERDE,,AURA,2018-03-07
,,CC MARCONI,,440472.0,4465148.0,40.334751832113696,-3.70080956092159,,cultural,,VILLAVERDE,10.0,AURA,2018-02-19
,,CC NUEVO ROSALES,,442482.0,4466908.0,40.3507479743351,-3.67730644219692,,cultural,,VILLAVERDE,20.0,AURA,2018-03-05
,,CC BOHEMIOS,,441066.0,4467547.0,40.3563965425188,-3.69405018466108,,cultural,,VILLAVERDE,10.0,AURA,2018-02-19
,,JMD VILLAVERDE,,439603.0,4466726.0,40.3488958485546,-3.71120030905872,,administrativo,,VILLAVERDE,,AURA,2018-11-12
,,CDM EL ESPINILLO,,441698.0,4467536.0,40.3563419399193,-3.68659514182063,,deportivo,,VILLAVERDE,10.0,AURA,2020-01-29
,,EI MAMUT  (BUTARQUE),,442483.0,4465459.0,40.337689,-3.677163,,educativo,,VILLAVERDE,5.0,UGARTE,2019-01-03
,,PARQUE BOMBEROS NÂº 8,,444572.0,4471763.0,40.3946173183705,-3.6531308970881295,,seguridad,,PUENTE DE VALLECAS,40.0,FERROVIAL,2019-10-18
,,CAF-2 y Casa de NiÃ±os (antes CC RubÃ©n DarÃ­o) ,,444896.0,4479194.0,40.461589,-3.649947,,mixto,,HORTALEZA,9.0,SAVEFFI,2020-03-25
,,EI PLÃYADES,,447428.0,4482921.0,40.4953303405269,-3.62038557307297,,educativo,,HORTALEZA,,,
,,CMM ANTONIO MINGOTE (VALLEHERMOSO),,439883.0,4476241.0,40.434646,-3.708785,,social,,CHAMBERI,5.0,SAVEFFI,2020-07-07
,,BIBLIOTECA GERARDO DIEGO,,447138.0,4469889.0,40.3779019624043,-3.6227296605039503,,cultural,,VILLA DE VALLECAS,,ACCIONA,2020-11-20
,,BIBLIOTECA MANUEL VÃZQUEZ MONTALBÃN,,439742.0,4478747.0,40.45704133252698,-3.71060051865242,,cultural,,TETUAN,15.0,ACCIONA,2020-12-03
,,CDM PLATA Y CASTAÃAR,,439040.0,4466852.0,40.3499899734807,-3.71784130732028,,deportivo,,VILLAVERDE,75.0,ACCIONA,2022-05-13
,,BIBLIOTECA MUNICIPAL BARRIO DE SAN FERMÃN,,441246.0,4469170.0,40.371038706146415,-3.6925563084154094,,cultural,,USERA,15.0,,2022-02-01
,,CDM JOSE MARIA CAGIGAL,,437491.0,4475985.0,40.4321495534278,-3.7369645992831297,,deportivo,,MONCLOA - ARAVACA,30.0,SAVEFFI,2020-12-16
,,CDM LA CONCEPCION,,445003.0,4476493.0,40.4372565204725,-3.6484498132292,,deportivo,,CIUDAD LINEAL,20.0,,
,,CDM PRADILLO,,443049.0,4477822.0,40.4491062262673,-3.67161827700941,,deportivo,,CHAMARTIN,90.0,,2023-05-25
,,CDM SAN JUAN BAUTISTA,,444154.0,4477763.0,40.4486497631605,-3.65857117974668,,deportivo,,CIUDAD LINEAL,10.0,,2020-06-04
,,CEIP SAN JUAN DE LA CRUZ,,442495.0,4479193.0,40.4595373759822,-3.67954186336266,,educativo,,CHAMARTIN,,,2020-11-10
,,CEIP ARQUITECTO GAUDÃ,,443279.0,4479632.0,40.4654182810019,-3.66906777282054,,educativo,,CHAMARTIN,25.0,,2020-11-10
,,CEIP ISAAC ALBÃNIZ,,443272.0,4479500.0,40.4642287544101,-3.66912674105744,,educativo,,CHAMARTIN,,,2020-11-17
,,CEIP PADRE POVEDA,,443380.0,4478055.0,40.4512188749858,-3.6677240367753106,,educativo,,CHAMARTIN,25.0,,2020-11-10
,,CMS VILLAVERDE,,444759.4,4474978.7,40.359634418857205,-3.690036112299879,,social,,VILLAVERDE,11.0,,2022-12-01
,,CSC OPORTO,,438232.0,4470949.0,40.3868474412412,-3.72774032674395,,social,,CARABANCHEL,15.0,ACCIONA FACILITY SERVICES,2021-11-10
,,CSS PABLO CASALS,,447439.0,4475240.0,40.426126275975,-3.61962582945766,,social,,SAN BLAS - CANILLEJAS,,,2022-09-29
,,EDIFICACIÃN ANEXO AL ESCENARIO DEL AUDITORIO CERRO ALMODOVAR,,436729.8,4471819.9,40.39457875368306,-3.745524047839076,,cultural,,LATINA,4.0,No conocen cual es la instaladora( podrÃ­a ser AURA ya que la constructora que es FDEZ MOLINA trabaja con ellos),2023-09-30
,,EI PARQUE INGENIEROS,,440213.0,4467439.0,40.35536909956173,-3.704068831577452,,educativo,,VILLAVERDE,5.0,,2020-11-10
,,SEDE CENTRAL MADRID SALUD,,443649.9,4473080.1,40.406428313755335,-3.6641000254946223,,administrativo,,RETIRO,7.0,,2022-12-01
,,UID MONCLOA-ARAVACA,,438135.0,4475651.0,40.42921628449648,-3.729571273483944,,seguridad,,MONCLOA - ARAVACA,5.0,FERROVIAL,2021-01-04
,,IDB ORCASITAS,,439613.0,4468757.0,40.36719728504001,-3.711260959329783,,deportivo,,USERA,,EXTRACO CONSTRUCCIONS E PROXECTOS SA (subontrata Servipack Mantenimientos Industriales),
,,CENTRO ACOGIDA SAN ISIDRO,,438682.0,4475287.0,40.42596,-3.72286,,social,,MONCLOA - ARAVACA,,,2020-11-10
,,CDM FAUSTINA VALLADOLID,,447145.0,4472806.0,40.4041896105729,-3.62290114486319,,deportivo,,VICALVARO,100.0,ACCIONA FACILITY SERVICES,2022-01-25
,,CDM SAN BLAS,,448173.0,4475549.0,40.4289614183123,-3.61100219489644,,deportivo,,SAN BLAS - CANILLEJAS,35.0,,2021-04-28
,,UID HORTALEZA,,445584.0,4480019.0,40.4690662268373,-3.64190037358966,,seguridad,,HORTALEZA,,AURA,2021-08-12
,,CDM JUAN DE DIOS ROMÃN,,448935.0,4468432.0,40.3648918241858,-3.601441011212612,,deportivo,,VILLA DE VALLECAS,30.0,FERROVIAL,2021-10-01
,,BIBLIOTECA ANA MARIA MATUTE,,439024.6,4478929.1,40.39795300213711,-3.7191675514211457,,cultural,,CARABANCHEL,10.0,SAVEFFI,2022-12-31
,,CC JUAN GENOVÃS/CMM/CSS TRAVESIA DEL CAÃO,,433351.7,4478977.4,40.45879255659263,-3.7860754490297808,,cultural,,MONCLOA - ARAVACA,6.0,,2022-12-31
,,BASE SAMUR RETIRO,,443829.1,4475716.9,40.43018441065751,-3.662004781455255,,sanitario,,RETIRO,15.0,,2022-05-22
,,INNOVATION LAB,,440257.8,4476473.1,40.43675823480166,-3.704833102315628,,cultural,,MONCLOA - ARAVACA,10.0,,2022-05-26
,,CC ALFREDO KRAUS,,438888.4,4482511.4,40.49105338549207,-3.721119220056548,,cultural,,FUENCARRAL - EL PARDO,36.0,ACCIONA FACILITY SERVICES,2022-11-07
,,CDM BLANCA FDEZ OCHOA (ANTIGUA LA MINA),,436647.8,4470488.0,40.3825414205693,-3.7468729354018295,,deportivo,,CARABANCHEL,,ACCIONA FACILITY SERVICES,2022-11-07
,,CDM FERNANDO MARTIN ,,439692.3,4479115.4,40.46051996423372,-3.711310796175949,,deportivo,,MONCLOA - ARAVACA,,ACCIONA FACILITY SERVICES,2022-12-26
,,CDM WILFRED AGBONAVBARE,,444225.6,4469234.7,40.3718256293372,-3.6569793922460585,,deportivo,,PUENTE DE VALLECAS,,ACCIONA FACILITY SERVICES,2023-01-25
,,CDM ENTREVIAS ,,442855.9,4469933.5,40.37802830979302,-3.673174782152633,,deportivo,,PUENTE DE VALLECAS,80.0,ACCIONA FACILITY SERVICES,2023-01-01
,,CDM HORTALEZA,,444781.7,4481144.5,40.479152525647,-3.65146345369296,,deportivo,,HORTALEZA,,ACCIONA FACILITY SERVICES,2022-12-31
,,OAIC SACRAMENTO AGENCIA TRIBUTARIA,,439688.2,4474009.8,40.414526384961455,-3.7108752639004567,,administrativo,,CENTRO,8.0,,2022-12-31
,,CDM FRANCISCO FERNANDEZ OCHOA,,437191.9,4468567.4,40.36531371430106,-3.739759101523586,,deportivo,,CARABANCHEL,30.0,,
,,BASE SAMUR 4,,445135.7,4475423.6,40.42763952079874,-3.646793148212741,,sanitario,,CIUDAD LINEAL,2.0,,2023-01-01
,,VIVERO DE LA CASA DE CAMPO,,438625.6,4474696.0,40.42063030961921,-3.723464689280627,,medioambiental,,RETIRO,6.0,,2023-01-01
,,CMM SAN DIEGO,,443704.6,4471139.1,40.38894674107574,-3.6630476297262975,,social,,PUENTE DE VALLECAS,10.0,,2023-01-01
,,CSS CENTRO DE DÃA Y ALZHEIMER ENSANCHE DE VALLECAS,,449246.7,4468156.3,40.36246447903645,-3.597762173364828,,social,,PUENTE DE VALLECAS,8.0,,2023-01-01
,,CEIP CIUDAD DE VALENCIA,,448635.1,4470764.8,40.38589368157801,-3.6051647701773617,,educativo,,VILLA DE VALLECAS,2.0,,2012-11-12
,,CEIP CIUDAD DE JAEN,,440526.7,4469337.3,40.37249417301439,-3.700555521195041,,educativo,,USERA,2.0,,2012-11-12
,,CEIP NAVAS DE TOLOSA,,441728.6,4466266.6,40.34491685353824,-3.686119289935727,,educativo,,VILLAVERDE,2.0,,2012-11-12
,,CEIP GHANDI,,446065.7,4475003.9,40.42391905965103,-3.6357938561381378,,educativo,,CIUDAD LINEAL,2.0,,2012-11-12
,,CEIP VIRGEN DEL CERRO,,444875.0,4471937.5,40.39621723473795,-3.649563702851418,,educativo,,PUENTE DE VALLECAS,2.0,,2012-11-12
,,VIVEROS M 30,,437378.7,4477071.3,40.44193464463265,-3.7383961186835215,,medioambiental,,MONCLOA - ARAVACA,,,2023-05-10
,,CEIP NTRA SÃRA DE LA ALMUDENA,,442741.9,4474561.6,40.41971262810392,-3.674934214335211,,educativo,,RETIRO,11.0,,2023-10-23
,,CDM CERRO ALMODÃVAR,,448882.5,4470407.4,40.382688771450006,-3.602221723037014,,deportivo,,VILLA DE VALLECAS,10.0,,2023-05-10
,,CENTRO JUVENIL VALDERRIVAS,,448954.8,4472567.3,40.40215111452446,-3.601543579142044,,cultural,,VICALVARO,15.0,,2023-05-31
,,CDM PLAYA VICTORIA,,440524.1,4478962.7,40.45920408911859,-3.701487107177452,,deportivo,,TETUAN,40.0,ACCIONA,2023-08-23
,,CSC TERESA DE CALCUTA,,450237.6,4478474.5,40.45544497266204,-3.586888601620849,,cultural,,BARAJAS,20.0,ACCIONA,2023-08-14
,,CSC MORATALAZ,,446029.9,4472285.6,40.39942893385325,-3.635985545803465,,cultural,,MORATALAZ,20.0,ACCIONA,2023-08-17
,,CDM MÂª JESÃS ROSA,,439920.5,4481198.8,40.47930496162536,-3.708817103472015,,deportivo,,FUENCARRAL - EL PARDO,40.0,ACCIONA,2023-08-15
,,CEIP EL GRECO,,443979.2,4466633.3,40.34837421286449,-3.659653458032918,,educativo,,VILLAVERDE,4.0,,2023-05-30
,,CEIP MANUEL DE FALLA,,440094.8,4466466.3,40.34659992730883,-3.705373384402807,,educativo,,VILLAVERDE,4.0,,2023-07-31
,,DG POLICIA MUNICIPAL (PABELLON DE LA PIPA CIUDAD SEGURIDAD),,437188.3,4473907.2,40.41341729972822,-3.740327478269459,,seguridad,,MONCLOA - ARAVACA,,,2023-09-19
,,CENTRO MUNICIPAL ACUSTICA,,437282.6,4477199.3,40.44308034050064,-3.739541918343989,,medioambiental,,MONCLOA-ARAVACA,10.0,,2023-09-30
,,CENTRO DE MAYORES OUKA LELE,,441567.7,4471204.1,40.38938510356142,-3.6884654478066783,,cultural,,ARGANZUELA,30.0,"INGEDOM, S.L.",2023-09-30
,,PARQUE DE BOMBEROS NÂº 05 USERA,,440893.8,4471387.3,40.39098791345522,-3.6964220316650778,,seguridad,, USERA ,30.0,,2023-11-06
,,JMD PUENTE VALLECAS/CID/SAMUR,,444617.8,4471075.9,40.38843855722663,-3.6525197803096185,,seguridad,,PUENTE DE  VALLECAS,10.0,,2023-09-30
1.0,2178.0,BIBLIOTECA ÁNGEL GONZALEZ,"C/ GRANJA DE TORREHERMOSA, 2 ",434954.0,4472113.0,40.397074625115906,-3.7664885474841503,,cultural,JMD Latina,LATINA,20.0,ORTIZ,2019-07-31
2.0,782.0,BIBLIOTECA IVÁN DE VARGAS,"C/ DOCTOR LETAMENDI, 1",439775.0,4473962.0,40.4141029084466,-3.70985912127358,,cultural,AG Cultura Turismo y Deportes,CENTRO,3.0,ORTIZ,2019-07-24
3.0,2096.0,BIBLIOTECA EUGENIO TRIAS (CASA FIERAS),"AV/ MENENDEZ PELAYO , 10-3 BJ ",442345.0,4474221.0,40.4166091081099,-3.67959303680348,,cultural,AG Cultura Turismo y Deportes,RETIRO,,ORTIZ,2019-07-24
4.0,1046.0,PLANETARIO,AV/ PLANETARIO 16,441830.0,4471375.0,40.3909440818148,-3.68539115543989,3062.0,cultural,AG Cultura Turismo y Deportes,ARGANZUELA,25.0,FULTON,2019-09-13
5.0,2143.0,MADRID EMPRENDE,"C/CIDRO, 3 ",436689.0,4468938.0,40.368615544135,-3.74573026512817,,administrativo,"AG Economía, Innovación y Empleo",CARABANCHEL,10.0,,
6.0,2639.0,NAVE BOETTICHER,"C/ CIFUENTES, 22 ",440849.0,4466524.0,40.347177,-3.696499,,administrativo,"AG Economía, Innovación y Empleo",VILLAVERDE,5.0,ETRALUX,
7.0,1779.0,OFICINA ECONOMIA SOCIAL-PROYECTO MARES ALBERTO PALACIOS,"PASEO ALBERTO PALACIOS, 13",439657.0,4466414.0,40.346099,-3.710522,,administrativo,"AG Economía, Innovación y Empleo",VILLAVERDE,7.0,AURA,2019-01-15
8.0,317.0,AULA DE LA NATURALEZA DEHESA DE LA VILLA,"C/ FRANCOS RODRIGUEZ, 97 ",439102.0,4478967.0,40.4591410411634,-3.71827056367926,,medioambiental,AG de Medio Ambiente y Movilidad,MONCLOA - ARAVACA,,,2008-08-13
9.0,,VIVERO MUNICIPAL DE ESTUFAS DEL RETIRO,"Pza. del Ángel Caído. Parque del Retiro 
(Entrada al Retiro al final de la cuesta de Claudio Moyano)",441779.0,4473428.0,40.4094350327911,-3.68617978009932,,medioambiental,AG de Medio Ambiente y Movilidad,RETIRO,5.0,,
10.0,,VIVERO MUNICIPAL DE MIGAS CALIENTES,"Km. 22. M-30 (frente a palacio Moncloa)
 M-30 . Km. 21.600, calzada sur.",437394.0,4476508.0,40.4368625714704,-3.73817152304904,,medioambiental,AG de Medio Ambiente y Movilidad,MONCLOA - ARAVACA,,,
11.0,,ROSALEDA DEL PARQUE DEL OESTE,"c/ de la Rosaleda s/n. Rosaleda del Parque del Oeste
 (junto al teleférico)",438775.0,4475363.0,40.426646,-3.721771,,medioambiental,AG de Medio Ambiente y Movilidad,MONCLOA - ARAVACA,5.0,,
12.0,2520.0,ALMACÉN DE LA VILLA,"C/ AHUMAOS, 27 28052 MADRID",449323.0,4471841.0,40.395628,-3.597144,,almacén,AG Obras y Equipamientos,VICALVARO,,SAVEFFI,2020-03-27
14.0,1704.0,BASE SAMUR Nº 14 FUERTE DE NAVIDAD,"C/ CASUARINA, 10",435024.0,4470233.0,40.380148,-3.765466,,sanitario,"AG de Vicealcaldía,Portavoz, Seguridad y Emergencias",LATINA,6.0,AURA,2018-02-14
15.0,1904.0,CENTRO PROTECCIÓN ANIMAL,"CARRETERA BARRIO DE LA FORTUNA, KM 10",433934.0,4468399.0,40.3635463096433,-3.77811006728668,,sanitario,OA Madrid Salud,LATINA,,POWEN,2018-06-21
16.0,1372.0,BASE SAMUR Nº 02 SAN BERNARDO/ CENTRO INTEGRAL EMERGENCIAS,"C/ SAN BERNARDO, 68 ",440066.0,4475362.0,40.4267358311415,-3.70654962226942,,seguridad,"AG de Vicealcaldía,Portavoz, Seguridad y Emergencias",CENTRO,5.0,AURA,2020-02-14
17.0,594.0,PARQUE DE BOMBEROS Nº 7,"Av Hellin, 52",447796.0,4475482.0,40.4283288391741,-3.6154373664644304,,seguridad,"AG de Vicealcaldía,Portavoz, Seguridad y Emergencias",SAN BLAS - CANILLEJAS,35.0,FERROVIAL,2018-02-13
18.0,351.0,PARQUE DE BOMBEROS Nº 11,"C/ Mesena, 146",443623.0,4480593.0,40.4740988954065,-3.66508396658848,,seguridad,"AG de Vicealcaldía,Portavoz, Seguridad y Emergencias",HORTALEZA,25.0,FERROVIAL,2019-10-01
19.0,2021.0,CSS JOSÉ VILLARREAL (ARGANZUELA),"PLAZA JOSE VILLARREAL, 2 ",440953.0,4471932.0,40.3940185448828,-3.69705214496161,,social,JMD Arganzuela,ARGANZUELA,17.0,,2008-09-29
20.0,2440.0,EI LA MELONERA ,"C/ EROS, 2",442243.0,4471700.0,40.3939029832483,-3.68055149170835,,educativo,JMD Arganzuela,ARGANZUELA,,IMESAPI,2019-05-07
21.0,1541.0,CDM MARQUÉS DE SAMARANCH,Pº IMPERIAL 20,439131.0,4473248.0,40.4076150141064,-3.7173807221939104,11523.0,deportivo,JMD Arganzuela,ARGANZUELA,90.0,EULEN,2019-02-12
22.0,1119.0,CDI ARGANZUELA,"C/ CANARIAS, 17 Y PALOS DE LA FRONTERA, 16",440979.0,4472617.0,40.4020727986286,-3.6955325387824,12470.0,mixto,JMD Arganzuela,ARGANZUELA,90.0,EULEN,2019-03-10
23.0,1916.0,CDM ARGANZUELA LA FUNDI,"C/ ALICANTE , 14",441329.0,4471761.0,40.394377158851,-3.6913410601461,,deportivo,JMD Arganzuela,ARGANZUELA,10.0,,2020-02-28
24.0,853.0,CC Y BIBLIOTECA GLORIA FUERTES,AV/ LOGROÑO 181,449666.0,4479054.0,40.4606228353796,-3.59368776573359,,cultural,JMD Barajas,BARAJAS,,DRAGADOS,2019-12-14
25.0,854.0,CMM ACUARIO,"C/ ACUARIO, 27",450862.0,4480620.0,40.474801968086496,-3.57969145174686,,social,JMD Barajas,BARAJAS,,EULEN,2019-04-01
26.0,2019.0,CC SAN FRANCISCO LA PRENSA,"C/ALISEDA, 6 ",437044.0,4469856.0,40.3769031921739,-3.74163973555209,,cultural,JMD Carabanchel,CARABANCHEL,5.0,,2008-09-29
27.0,330.0,CSC GARCÍA LORCA,"C/ EUGENIA DE MONTIJO, 105, B 1",436243.0,4469562.0,40.3742029001021,-3.75103374498486,,cultural,JMD Carabanchel,CARABANCHEL,3.0,AURA,2018-09-25
28.0,974.0,CDM PUERTA BONITA (ANTIGUO CANÓDROMO),"C/ VÍA CARPETANA, 71",437604.0,4472194.0,40.3980160845768,-3.7352725040539503,,deportivo,JMD Carabanchel,CARABANCHEL,3.0,AURA,2019-03-07
29.0,191.0,CEIP /EIM FERNANDO EL CATÓLICO,"C/ FERNANDO EL CATÓLICO, 16",439802.0,4476182.0,40.4341036895304,-3.70973929433482,,educativo,JMD Chamberí,CHAMBERI,,EULEN,2019-12-14
30.0,1104.0,"JMD CIUDAD LINEAL (CMM, CC, BIBLIOTECA)","C/ HERMANOS GARCÍA NOBLEJAS, 16",445975.0,4476345.0,40.4359959748431,-3.6369774916267,7239.0,mixto,JMD Ciudad Lineal,CIUDAD LINEAL,25.0,PECSA,2018-10-24
31.0,702.0,"CENTRO DE DÍA Y DE MAYORES ASCAO/
BIBLIOTECA PABLO NERUDA","C/ ASCAO, 2",445600.0,4475637.0,40.4295843942338,-3.6413497414718705,3542.0,mixto,JMD Ciudad Lineal,CIUDAD LINEAL,,PECSA,2018-01-21
32.0,1103.0,CC LA ELIPA Y CSS SANTA FELICIDAD,"C/SANTA FELICIDAD, 37",444825.0,4475074.0,40.4244706080435,-3.6504253324201104,2380.0,mixto,JMD Ciudad Lineal,CIUDAD LINEAL,15.0,PECSA,2018-08-22
33.0,223.0,CC Y CMM SAN JUAN BAUTISTA,"C/ SAN NEMESIO, 1",444202.0,4478162.0,40.4522473796527,-3.6580402287911906,2167.0,mixto,JMD Ciudad Lineal,CIUDAD LINEAL,25.0,PECSA,2018-01-21
34.0,214.0,CMM Y CSS LUIS VIVES,"C/ HERMANOS GARCÍA NOBLEJAS, 170",446786.0,4475211.0,40.4239607645562,-3.62858860100972,1378.0,social,JMD Ciudad Lineal,CIUDAD LINEAL,,PECSA,2018-01-21
35.0,509.0,CMM / CC / BIBILIO LA ELIPA (ANTES ISLAS FILIPINAS),"C/ NUESTRA SEÑORA DEL VILLAR, 8",444814.0,4475167.0,40.4234265908421,-3.65184164138948,2250.0,social,JMD Ciudad Lineal,CIUDAD LINEAL,15.0,PECSA,2018-10-24
36.0,2094.0,CSS SAN VICENTE DE PAUL, C/BUITRAGO DE LOZOYA 22,439255.0,4480448.0,40.4724846268841,-3.71660783300847,,social,JMD Fuercarral El Pardo,FUENCARRAL - EL PARDO,,AVELSA (Avance Electrico S.L) ,2018-09-01
37.0,2446.0,EI ELENA FORTÚN (MONTECARMELO),AV/ M.º SILOS 57 / CAAVEIRO,441162.0,4484225.0,40.506657,-3.694447,,educativo,JMD Fuercarral El Pardo,FUENCARRAL - EL PARDO,,ORTHEM,2019-03-07
38.0,1950.0,CDM VICENTE DEL BOSQUE,"AV/ MONFORTE DE LEMOS, 13",441216.0,4481146.0,40.4789135943213,-3.69354065974728,7507.0,deportivo,JMD Fuercarral El Pardo,FUENCARRAL - EL PARDO,50.0,Ortiz,2019-05-28
39.0,1771.0,CDM LA MASÓ,"C/ DE LA MASÓ, 190 BJ ",439451.0,4481771.0,40.4844259993208,-3.71442225647198,8469.0,deportivo,JMD Fuercarral El Pardo,FUENCARRAL - EL PARDO,7.0,DRAGADOS,2019-12-11
40.0,2444.0,EI EL FRESNO,"C/MARIA CASARES, 15 ",438637.0,4482886.0,40.494405,-3.724127,,educativo,JMD Fuercarral El Pardo,FUENCARRAL - EL PARDO,,,2019-04-26
41.0,2443.0,EI POETA GLORIA FUERTES (LAS TABLAS),C/ EUNATE 6 C/CASTILLO DE CANDANCHÚ 42-46,442700.0,4484024.0,40.504951,-3.676283,,educativo,JMD Fuercarral El Pardo,FUENCARRAL - EL PARDO,,CONDISA,2019-02-12
42.0,1937.0,CDM LUIS ARAGONÉS,C/PROVENCIO 20,446795.0,4479520.0,40.4646509480538,-3.62758771450258,5588.0,deportivo,JMD Hortaleza,HORTALEZA,,DRAGADOS,2018-11-15
43.0,2204.0,CC SANCHINARRO Y BIBLIOTECA MARÍA LEJÁRRAGA,"C/ PRINCESA ÉBOLI, 29",444469.0,4482391.0,40.4903531015737,-3.65526174471725,,cultural,JMD Hortaleza,HORTALEZA,20.0,DRAGADOS,2019-02-22
44.0,1380.0,JMD HORTALEZA,CARRETERA DE CANILLAS 2,444286.0,4479355.0,40.462991140169,-3.65715427699194,,administrativo,JMD Hortaleza,HORTALEZA,,DRAGADOS,2019-03-07
45.0,895.0,CC FEDERICO CHUECA ,"C/ BENITA ÁVILA, 17",444847.0,4479572.0,40.46498334634,-3.65056826658469,,cultural,JMD Hortaleza,HORTALEZA,,DRAGADOS,2018-11-19
46.0,547.0,JMD LATINA,"AV/ LAS AGUILAS, 2 (ANT AV/DEL GENERAL FANJUL)",435041.0,4470644.0,40.3838571804374,-3.76530195937242,,administrativo,JMD Latina,LATINA,27.0,AURA,2018-11-22
47.0,2148.0,CDM LAS CRUCES ,"AV/ POBLADOS, 72",435779.0,4470115.0,40.379148937377295,-3.75655476241196,,deportivo,JMD Latina,LATINA,17.0,FERROVIAL,2019-02-08
48.0,2299.0,CENTRO DE DÍA GERTRUDIS DE LA FUENTE,"C/ ALHAMBRA / C/ CUÑA LATINA DOS, 2",437062.0,4472332.0,40.3992228218455,-3.74165624171805,,social,JMD Latina,LATINA,50.0,AURA,2019-05-25
49.0,2260.0,CENTRO DE ACOGIDA MUNICIPAL PUERTA ABIERTA,"C/ PINAR DE SAN JOSE , 104 - MADRID (28054)",434109.0,4468407.0,40.3636232165702,-3.77604986037844,,social,JMD Latina,LATINA,12.0,,2016-08-08
50.0,1140.0,CDM GALLUR,"C/ GALLUR, 2",437595.0,4472245.0,40.398465832065,-3.73538345068692,6305.0,deportivo,JMD Latina,LATINA,20.0,AURA,2020-02-19
51.0,2447.0,EI BOLA DE CRISTAL (VALDEZARZA),"C/ ISLAS BISAGOS, 13",439360.0,4479933.0,40.467857,-3.715308,,educativo,JMD Moncloa Aravaca,MONCLOA - ARAVACA,6.0,CYOPSA,2018-12-06
52.0,1931.0,IDM LA BOMBILLA,"Paseo Senda del Rey, 8",437798.0,4476478.0,40.436623,-3.733391,,deportivo,JMD Moncloa Aravaca,MONCLOA - ARAVACA,12.0,CONDISA (grupo Ortiz),2019-01-23
53.0,850.0,CC EDUARDO CHILLIDA Y BIBLIOTECA MIGUEL DELIBES,"C/ ARROYO BELINCOSO, 9",444577.0,4473403.0,40.4093917367651,-3.65321477735933,,cultural,JMD Moratalaz,MORATALAZ,10.0,PECSA,2018-10-24
54.0,2138.0,CMM EL ALMENDRO/ CSS VALDEBERARDO,"C/ LADERA DE LOS ALMENDROS, 4-6",447057.0,4472576.0,40.4021030238157,-3.62391894122114,,social,JMD Vicálvaro,VICALVARO,,PECSA,2018-10-24
55.0,2461.0,EI SABINA (MORATALAZ),C/ CAÑÓN DEL RIO LOBOS,446468.0,4472964.0,40.405577,-3.630877,,educativo,JMD Moratalaz,MORATALAZ,6.0,CYOPSA,
56.0,1938.0,CDM MORATALAZ,C/ VALDEBERNARDO 2,446331.0,4472220.0,40.3988585457233,-3.63243229021453,8104.0,deportivo,JMD Moratalaz,MORATALAZ,40.0,FERROVIAL,2019-03-08
57.0,1745.0,CSS RETIRO Y APARTAMENTOS TUTELADOS ,"C/ JOSE MARTÍNEZ DE VELASCO, 22",443346.0,4473992.0,40.4146148994401,-3.66777459044681,,social,JMD Retiro,RETIRO,,OHL,2019-03-25
58.0,97.0,CEIP ESCUELAS AGUIRRE,C/ PIO BAROJA 4,442787.0,4473989.0,40.4145497024899,-3.67435086047564,,educativo,JMD Retiro,RETIRO,7.0,OHL,2019-03-03
59.0,124.0,CEIP JOSE CALVO SOTELO,"AV/ CIUDAD DE BARCELONA, 83",442826.0,4472467.0,40.4008413126834,-3.6737662524006702,,educativo,JMD Retiro,RETIRO,7.0,OHL,2019-03-03
60.0,750.0,CEIP CIUDAD DE ROMA,"C/ JUAN ESPLANDIÚ,2 ",443564.0,4474129.0,40.4158639493011,-3.66520562618556,,educativo,JMD Retiro,RETIRO,40.0,OHL,2019-03-03
61.0,2391.0,CMM LA ESTRELLA - CARMEN MARTÍN GAITE,C/ PEZ AUSTRAL 6 - 28007 MADRID,443476.0,4473852.0,40.4133787186389,-3.66620904783224,,social,JMD Retiro,RETIRO,,,2016-10-26
62.0,1035.0,CMM/CENTRO DIA/CSS LA GUINDALERA,"C/ PILAR DE ZARAGOZA, 28, Bajo",443247.0,4476088.0,40.4334991005029,-3.6691167784691694,,social,JMD Salamanca,SALAMANCA,,FERROVIAL,2018-09-20
63.0,35.0,CC BUENAVISTA Y BIBLIOTECA DAVID GISTAU,"AV DE LOS TOREROS, 5",443092.0,4475923.0,40.4320021057146,-3.67092933307802,,cultural,JMD Salamanca,SALAMANCA,,FERROVIAL,2018-11-13
64.0,2074.0,CC JOSE LUIS LÓPEZ VÁZQUEZ,"C/ FEBRERO, 4",451431.0,4477509.0,40.4468185923002,-3.57274116382091,,cultural,JMD San Blas Canillejas,SAN BLAS - CANILLEJAS,,DRAGADOS,2018-11-19
65.0,1974.0,JMD SAN BLAS - CANILLEJAS,"AV/ DE ARCENTALES, 26",448295.0,4476161.0,40.4344858647358,-3.6096102461466,,administrativo,JMD San Blas Canillejas,SAN BLAS - CANILLEJAS,,DRAGADOS,2019-03-07
66.0,2033.0,CDM ANTONIO DÍAZ MIGUEL,"C/JOAQUIN DICENTA, 1 ",441058.0,4480296.0,40.4712542658614,-3.69532569789638,,deportivo,JMD Tetuán,TETUAN,25.0,,2018-01-15
67.0,2011.0,CC EDUARDO ÚRCULO Y BIBLIOTECA MARÍA ZAMBRANO,"PLAZA DE DONOSO, 5",440857.0,4480052.0,40.4690329914409,-3.69766200679649,,cultural,JMD Tetuán,TETUAN,,FERROVIAL,2018-11-12
68.0,1026.0,CSS SAN FILIBERTO,"C/ SAN FILIBERTO, 5 BJ ",439298.0,4470826.0,40.3858176778342,-3.71518188811652,,social,JMD Usera,USERA,,AURA,2018-03-05
69.0,1096.0,CMM ORCASUR,"AV ORCASUR, 64",440559.0,4468845.0,40.3680537472289,-3.70012965685136,,social,JMD Usera,USERA,,AURA,2018-02-19
70.0,1095.0,CC ORCASUR Y BIBLIOTECA GABRIEL GARCÍA MÁRQUEZ," PLAZA PUEBLO, 1 BJ1",440472.0,4468702.0,40.3667683247534,-3.7011410630838,,cultural,JMD Usera,USERA,30.0,AURA,2018-10-16
71.0,1092.0,JMD USERA,"AV/. RAFAELA YBARRA, 41",439670.0,4470445.0,40.3824125300917,-3.7107515747822304,,administrativo,JMD Usera,USERA,5.0,AURA,2018-12-14
72.0,1894.0,CDM ORCASUR,"C/ MOREJA, 3",440727.0,4469292.0,40.3702199337385,-3.69946890060774,,deportivo,JMD Usera,USERA,,AURA,2019-02-14
73.0,2441.0,EI PENSAMIENTO (MIRASIERRA),"C/ MIRASIERRA, 27 ",448843.0,4473366.0,40.409341,-3.602926,,educativo, JMD Usera,USERA,,IMESAPI,2019-01-03
74.0,1890.0,CDM VICÁLVARO (MARGOT MOLÉS),"Pº POLIDEPORTIVO, 3",448815.0,4473344.0,40.409140618584,-3.60326473285039,6856.0,deportivo,JMD Vicálvaro,VICALVARO,,ELECTOSA ,2018-05-09
75.0,1763.0,CC VALDEBERNARDO Y BIBLIOTECA FRANCISCO AYALA,"C/ BULEVAR INDALECIO PRIETO, 21",447278.0,4472321.0,40.399828914104,-3.62128189057037,3200.0,cultural,JMD Vicálvaro,VICALVARO,,PECSA,2018-11-12
76.0,1028.0,CC EL MADROÑO Y BIBLIOTECA VICÁLVARO,"C/ VILLARDONDIEGO, 36",448357.0,4472920.0,40.405292721436,-3.6086161200017104,2452.0,cultural,JMD Vicálvaro,VICALVARO,,PECSA,2018-11-12
77.0,1352.0,JMD VICÁLVARO,"PLAZA DON ANTONIO DE ANDRÉS, 18",448578.0,4472583.0,40.4022704797848,-3.6059845330840705,1674.0,administrativo,JMD Vicálvaro,VICALVARO,,PECSA,2018-11-12
78.0,1393.0,CSS PUERTO DE LAS PILAS,"C/ FUENTIDUEÑA,16",447222.0,4469088.0,40.370701,-3.621679,1021.0,social,JMD Villa de Vallecas,VILLA DE VALLECAS,20.0,PECSA,2018-11-12
79.0,277.0,CMM VILLA DE VALLECAS ,"C/ PICO DE MAMPODRE, 6",447264.0,4469823.0,40.3773243810878,-3.6212400484216896,815.0,social,JMD Villa de Vallecas,VILLA DE VALLECAS,6.0,PECSA,2018-11-16
80.0,1383.0,JMD VILLA DE VALLECAS,"Pº FEDERICO GARCÍA LORCA, 8",447248.0,4469998.0,40.3788998244401,-3.6214547858699,3290.0,administrativo,JMD Villa de Vallecas,VILLA DE VALLECAS,,PECSA,2018-11-16
81.0,1770.0,CDM FÉLIX RUBIO,"C/CIUDADANÍA, 9",441281.0,4467659.0,40.3574296786752,-3.69152880469694,,deportivo,JMD Villaverde,VILLAVERDE,,AURA,2018-03-07
82.0,1953.0,CC MARCONI,"AV/ MARCONI, 2 BAJO/1",440472.0,4465148.0,40.334751832113696,-3.70080956092159,,cultural,JMD Villaverde,VILLAVERDE,10.0,AURA,2018-02-19
83.0,1905.0,CC NUEVO ROSALES,"AV/ LOS ROSALES, 133",442482.0,4466908.0,40.3507479743351,-3.67730644219692,,cultural,JMD Villaverde,VILLAVERDE,20.0,AURA,2018-03-05
84.0,1031.0,CC BOHEMIOS,"C/ BOHEMIOS 1, B1",441066.0,4467547.0,40.3563965425188,-3.69405018466108,,cultural,JMD Villaverde,VILLAVERDE,10.0,AURA,2018-02-19
85.0,1109.0,JMD VILLAVERDE,"C/ ARROYO BUENO, 53, Sot Dch 1",439603.0,4466726.0,40.3488958485546,-3.71120030905872,,administrativo,JMD Villaverde,VILLAVERDE,,AURA,2018-11-12
86.0,1895.0,CDM EL ESPINILLO,"CARRETERA DE VILLAVERDE A VALLECAS, 19",441698.0,4467536.0,40.3563419399193,-3.68659514182063,,deportivo,JMD Villaverde,VILLAVERDE,10.0,AURA,2020-01-29
87.0,2438.0,EI MAMUT  (BUTARQUE),"C/ MARICARA, 32",442483.0,4465459.0,40.337689,-3.677163,,educativo,JMD Villaverde,VILLAVERDE,5.0,UGARTE,2019-01-03
88.0,155.0,PARQUE BOMBEROS Nº 8,CALLE BOADA 9,444572.0,4471763.0,40.3946173183705,-3.6531308970881295,,seguridad,"AG de Vicealcaldía,Portavoz, Seguridad y Emergencias",PUENTE DE VALLECAS,40.0,FERROVIAL,2019-10-18
89.0,,CAF-2 y Casa de Niños (antes CC Rubén Darío) ,CALLE MATAPOZUELOS 2,444896.0,4479194.0,40.461589,-3.649947,,mixto,JMD Hortaleza,HORTALEZA,9.0,SAVEFFI,2020-03-25
90.0,,EI PLÉYADES,AVENIDA SECUNDINO ZUAZO 52,447428.0,4482921.0,40.4953303405269,-3.62038557307297,,educativo,JMD Hortaleza,HORTALEZA,,,
91.0,2408.0,CMM ANTONIO MINGOTE (VALLEHERMOSO),CALLE VALLEHERMOSO 47,439883.0,4476241.0,40.434646,-3.708785,,social,JMD Chamberí,CHAMBERI,5.0,SAVEFFI,2020-07-07
92.0,1208.0,BIBLIOTECA GERARDO DIEGO,"CALLE  MONTE AYA,  12",447138.0,4469889.0,40.3779019624043,-3.6227296605039503,,cultural,JMD Villa de Vallecas,VILLA DE VALLECAS,,ACCIONA,2020-11-20
93.0,1912.0,BIBLIOTECA MANUEL VÁZQUEZ MONTALBÁN,"CALLE FRANCOS RODRÍGUEZ, 67",439742.0,4478747.0,40.45704133252698,-3.71060051865242,,cultural,JMD Tetuán,TETUAN,15.0,ACCIONA,2020-12-03
94.0,1114.0,CDM PLATA Y CASTAÑAR,"PASEO  PLATA Y CASTAÑAR,  7",439040.0,4466852.0,40.3499899734807,-3.71784130732028,,deportivo,JMD Villaverde,VILLAVERDE,75.0,ACCIONA,2022-05-13
95.0,5052.0,BIBLIOTECA MUNICIPAL BARRIO DE SAN FERMÍN,"AVD. SAN FERMÍN, 8  28041 MADRID",441246.0,4469170.0,40.371038706146415,-3.6925563084154094,,cultural,JMD Usera,USERA,15.0,,2022-02-01
96.0,1930.0,CDM JOSE MARIA CAGIGAL,"C/ SANTA POLA, 22",437491.0,4475985.0,40.4321495534278,-3.7369645992831297,,deportivo,JMD Moncloa Aravaca,MONCLOA - ARAVACA,30.0,SAVEFFI,2020-12-16
97.0,1825.0,CDM LA CONCEPCION,"C/ JOSÉ DEL HIERRO, 6, 28027 MADRID",445003.0,4476493.0,40.4372565204725,-3.6484498132292,,deportivo,JMD CIUDAD LINEAL,CIUDAD LINEAL,20.0,,
98.0,1776.0,CDM PRADILLO,"C/ PRADILLO, 33, 28002 MADRID",443049.0,4477822.0,40.4491062262673,-3.67161827700941,,deportivo,JMD Chamartín,CHAMARTIN,90.0,,2023-05-25
99.0,1945.0,CDM SAN JUAN BAUTISTA,"C/ TREVIANA, 1, 28043 MADRID",444154.0,4477763.0,40.4486497631605,-3.65857117974668,,deportivo,JMD CIUDAD LINEAL,CIUDAD LINEAL,10.0,,2020-06-04
100.0,149.0,CEIP SAN JUAN DE LA CRUZ,"C/ DE HONDURAS, 10, 28016 MADRID",442495.0,4479193.0,40.4595373759822,-3.67954186336266,,educativo,JMD Chamartín,CHAMARTIN,,,2020-11-10
101.0,363.0,CEIP ARQUITECTO GAUDÍ,"C/ ROSA JARDÓN, 10, 28016 MADRID",443279.0,4479632.0,40.4654182810019,-3.66906777282054,,educativo,JMD Chamartín,CHAMARTIN,25.0,,2020-11-10
102.0,212.0,CEIP ISAAC ALBÉNIZ,"C/ DRACENA, 29, 28016 MADRID",443272.0,4479500.0,40.4642287544101,-3.66912674105744,,educativo,JMD Chamartín,CHAMARTIN,,,2020-11-17
103.0,245.0,CEIP PADRE POVEDA,"AV/ ALFONSO XIII, 23, 28002 MADRID",443380.0,4478055.0,40.4512188749858,-3.6677240367753106,,educativo,JMD Chamartín,CHAMARTIN,25.0,,2020-11-10
104.0,2176.0,CMS VILLAVERDE,"AVDA. FELICIDAD, 17",444759.4,4474978.7,40.359634418857205,-3.690036112299879,,social,OA Madrid Salud,VILLAVERDE,11.0,,2022-12-01
106.0,1076.0,CSC OPORTO,"AVDA. OPORTO, 78",438232.0,4470949.0,40.3868474412412,-3.72774032674395,,social,JMD Carabanchel,CARABANCHEL,15.0,ACCIONA FACILITY SERVICES,2021-11-10
107.0,2142.0,CSS PABLO CASALS,"C/ POBLADURA DEL VALLE, 13 ",447439.0,4475240.0,40.426126275975,-3.61962582945766,,social,JMD San Blas Canillejas,SAN BLAS - CANILLEJAS,,,2022-09-29
109.0,5066.0,EDIFICACIÓN ANEXO AL ESCENARIO DEL AUDITORIO CERRO ALMODOVAR,"C/ MARCELINO CASTILLO, 29, 28047 MADRID",436729.8,4471819.9,40.39457875368306,-3.745524047839076,,cultural,JMD Latina,LATINA,4.0,No conocen cual es la instaladora( podría ser AURA ya que la constructora que es FDEZ MOLINA trabaja con ellos),2023-09-30
115.0,5008.0,EI PARQUE INGENIEROS,C/TABERNERA DEL PUERTO 26,440213.0,4467439.0,40.35536909956173,-3.704068831577452,,educativo,JMD Villaverde,VILLAVERDE,5.0,,2020-11-10
122.0,1394.0,SEDE CENTRAL MADRID SALUD,"AVDA. MEDITERRANEO, 62",443649.9,4473080.1,40.406428313755335,-3.6641000254946223,,administrativo,OA Madrid Salud,RETIRO,7.0,,2022-12-01
123.0,165.0,UID MONCLOA-ARAVACA,"AVDA. VALLADOLID, 6",438135.0,4475651.0,40.42921628449648,-3.729571273483944,,seguridad,"AG de Vicealcaldía,Portavoz, Seguridad y Emergencias",MONCLOA - ARAVACA,5.0,FERROVIAL,2021-01-04
124.0,2428.0,IDB ORCASITAS,"AVDA. RAFAELA IBARRA, 119",439613.0,4468757.0,40.36719728504001,-3.711260959329783,,deportivo,JMD Usera,USERA,,EXTRACO CONSTRUCCIONS E PROXECTOS SA (subontrata Servipack Mantenimientos Industriales),
126.0,140.0,CENTRO ACOGIDA SAN ISIDRO,PASEO DEL REY 34,438682.0,4475287.0,40.42596,-3.72286,,social,"AG de Familias, Igualdad y Bienestar Social",MONCLOA - ARAVACA,,,2020-11-10
127.0,1892.0,CDM FAUSTINA VALLADOLID,"C/LADERA DE LOS ALMENDROS, 2",447145.0,4472806.0,40.4041896105729,-3.62290114486319,,deportivo,JMD Vicálvaro,VICALVARO,100.0,ACCIONA FACILITY SERVICES,2022-01-25
128.0,1942.0,CDM SAN BLAS,"C/ ARCOS DE JALÓN,  59",448173.0,4475549.0,40.4289614183123,-3.61100219489644,,deportivo,JMD San Blas Canillejas,SAN BLAS - CANILLEJAS,35.0,,2021-04-28
129.0,1713.0,UID HORTALEZA,"C/AREQUIPA , 2",445584.0,4480019.0,40.4690662268373,-3.64190037358966,,seguridad,"AG de Vicealcaldía,Portavoz, Seguridad y Emergencias",HORTALEZA,,AURA,2021-08-12
130.0,5054.0,CDM JUAN DE DIOS ROMÁN,"C/JOSÉ GUTIÉRREZ MAROTO, 34",448935.0,4468432.0,40.3648918241858,-3.601441011212612,,deportivo,JMD Villa de Vallecas,VILLA DE VALLECAS,30.0,FERROVIAL,2021-10-01
131.0,2258.0,BIBLIOTECA ANA MARIA MATUTE,"C/ ANTONIO VICO, 1",439024.6,4478929.1,40.39795300213711,-3.7191675514211457,,cultural,JMD Carabanchel,CARABANCHEL,10.0,SAVEFFI,2022-12-31
132.0,5023.0,CC JUAN GENOVÉS/CMM/CSS TRAVESIA DEL CAÑO,C/TRAVESÍA CAÑO 5,433351.7,4478977.4,40.45879255659263,-3.7860754490297808,,cultural,JMD Moncloa Aravaca,MONCLOA - ARAVACA,6.0,,2022-12-31
133.0,5053.0,BASE SAMUR RETIRO,AVD CIUDAD DE BARCELONA 183,443829.1,4475716.9,40.43018441065751,-3.662004781455255,,sanitario,"AG de Vicealcaldía,Portavoz, Seguridad y Emergencias",RETIRO,15.0,,2022-05-22
134.0,,INNOVATION LAB,C/CAROLI 1,440257.8,4476473.1,40.43675823480166,-3.704833102315628,,cultural,AG economia Innovacion y Empleo,MONCLOA - ARAVACA,10.0,,2022-05-26
135.0,1880.0,CC ALFREDO KRAUS,"Gta. Pradera de Vaquerizas, 9",438888.4,4482511.4,40.49105338549207,-3.721119220056548,,cultural,JMD Fuercarral El Pardo,FUENCARRAL - EL PARDO,36.0,ACCIONA FACILITY SERVICES,2022-11-07
136.0,,CDM BLANCA FDEZ OCHOA (ANTIGUA LA MINA),"Calle de Monseñor Oscar Romero, nº41",436647.8,4470488.0,40.3825414205693,-3.7468729354018295,,deportivo,JMD Carabanchel,CARABANCHEL,,ACCIONA FACILITY SERVICES,2022-11-07
137.0,1924.0,CDM FERNANDO MARTIN ,"Av. Santo Ángel de la Guarda, 6,",439692.3,4479115.4,40.46051996423372,-3.711310796175949,,deportivo,JMD Moncloa Aravaca,MONCLOA - ARAVACA,,ACCIONA FACILITY SERVICES,2022-12-26
138.0,1656.0,CDM WILFRED AGBONAVBARE,"Calle Reguera de Tomateros, 39",444225.6,4469234.7,40.3718256293372,-3.6569793922460585,,deportivo,JMD Puente de Vallecas,PUENTE DE VALLECAS,,ACCIONA FACILITY SERVICES,2023-01-25
139.0,1921.0,CDM ENTREVIAS ,"Ronda del Sur, 4",442855.9,4469933.5,40.37802830979302,-3.673174782152633,,deportivo,JMD Puente de Vallecas,PUENTE DE VALLECAS,80.0,ACCIONA FACILITY SERVICES,2023-01-01
140.0,1929.0,CDM HORTALEZA,"Ctra. Estación de Hortaleza,11",444781.7,4481144.5,40.479152525647,-3.65146345369296,,deportivo,JMD Hortaleza,HORTALEZA,,ACCIONA FACILITY SERVICES,2022-12-31
141.0,542.0,OAIC SACRAMENTO AGENCIA TRIBUTARIA,"C/SACRAMENTO, 5",439688.2,4474009.8,40.414526384961455,-3.7108752639004567,,administrativo,OA Agencia Tributaria,CENTRO,,,2022-12-31
142.0,2185.0,CDM FRANCISCO FERNANDEZ OCHOA,"CALLE CATORCE OLIVAS 1, 28054 MADRID",437191.9,4468567.4,40.36531371430106,-3.739759101523586,,deportivo,JMD Carabanchel,CARABANCHEL,30.0,,
143.0,224.0,BASE SAMUR 4,"PELOPONESO, 9 ",445135.7,4475423.6,40.42763952079874,-3.646793148212741,,sanitario,"AG de Vicealcaldía,Portavoz, Seguridad y Emergencias",CIUDAD LINEAL,2.0,,2023-01-01
145.0,1397.0,CMM SAN DIEGO,CALLE JAVIER DE MIGUEL 10,443704.6,4471139.1,40.38894674107574,-3.6630476297262975,,social,JMD Puente  Vallecas,PUENTE DE VALLECAS,10.0,,2023-01-01
146.0,5098.0,CSS CENTRO DE DÍA Y ALZHEIMER ENSANCHE DE VALLECAS,AVENIDA ENSANCHE DE VALLECAS  91,449246.7,4468156.3,40.36246447903645,-3.597762173364828,,social,JMD Villa de Vallecas,VILLA DE VALLECAS,8.0,,2023-01-01
147.0,877.0,CEIP CIUDAD DE VALENCIA,AVENIDA DEL MEDITERRANEO KM 9,448635.1,4470764.8,40.38589368157801,-3.6051647701773617,,educativo,JMD Villa de Vallecas,VILLA DE VALLECAS,2.0,,2012-11-12
148.0,175.0,CEIP CIUDAD DE JAEN,CAMINO DEL RIO S/N,440526.7,4469337.3,40.37249417301439,-3.700555521195041,,educativo,JMD Usera,USERA,2.0,,2012-11-12
149.0,289.0,CEIP NAVAS DE TOLOSA,CALLE BENIMANET 109,441728.6,4466266.6,40.34491685353824,-3.686119289935727,,educativo,JMD Villaverde,VILLAVERDE,2.0,,2012-11-12
150.0,603.0,CEIP GHANDI,CALLE GHANDI 10,446065.7,4475003.9,40.42391905965103,-3.6357938561381378,,educativo,JMD Ciudad Lineal,CIUDAD LINEAL,2.0,,2012-11-12
151.0,335.0,CEIP VIRGEN DEL CERRO,CALLE MOHERNANDO 1,444875.0,4471937.5,40.39621723473795,-3.649563702851418,,educativo,JMD Puente Vallecas,PUENTE DE VALLECAS,2.0,,2012-11-12
152.0,483.0,CEIP NTRA SÑRA DE LA ALMUDENA,"CALLE LOPE DE RUEDA, 48, 28009 MADRID",442741.9,4474561.6,40.41971262810392,-3.674934214335211,,educativo,JMD Retiro,RETIRO,11.0,,2023-10-23
153.0,1918.0,CDM CERRO ALMODÓVAR,CARRETERA VALENCIA KM8,448882.5,4470407.4,40.382688771450006,-3.602221723037014,,deportivo,JMD Villa de Vallecas,VILLA DE VALLECAS,10.0,,2023-05-10
154.0,5157.0,CENTRO JUVENIL VALDERRIVAS,TITANIO 5,448954.8,4472567.3,40.40215111452446,-3.601543579142044,,cultural,JMD Vicalvaro,VICALVARO,15.0,,2023-05-31
155.0,1941.0,CDM PLAYA VICTORIA,"CALLE HIERBABUENA, 2,",440524.1,4478962.7,40.45920408911859,-3.701487107177452,,deportivo,JMD Tetuán,TETUAN,40.0,ACCIONA,2023-08-23
156.0,473.0,CSC TERESA DE CALCUTA,"PLAZA DEL NAVÍO, Nº 4,",450237.6,4478474.5,40.45544497266204,-3.586888601620849,,cultural,JMD Barajas,BARAJAS,20.0,ACCIONA,2023-08-14
157.0,205.0,CSC MORATALAZ,CALLE DE LA FUENTE CARRANTONA Nº 10,446029.9,4472285.6,40.39942893385325,-3.635985545803465,,cultural,JMD Moratalaz,MORATALAZ,20.0,ACCIONA,2023-08-17
158.0,1082.0,CDM Mª JESÚS ROSA,"AVENIDA DE MONFORTE DE LEMOS, 38,",439920.5,4481198.8,40.47930496162536,-3.708817103472015,,deportivo,JMD Fuercarral El Pardo,FUENCARRAL - EL PARDO,40.0,ACCIONA,2023-08-15
159.0,1183.0,CEIP EL GRECO,"CALLE ESTEFANITA, 7",443979.2,4466633.3,40.34837421286449,-3.659653458032918,,educativo,JMD Villaverde,VILLAVERDE,4.0,,2023-05-30
160.0,299.0,CEIP MANUEL DE FALLA,"AV. REAL DE PINTO, 27",440094.8,4466466.3,40.34659992730883,-3.705373384402807,,educativo,JMD Villaverde,VILLAVERDE,4.0,,2023-07-31
161.0,2656.0,DG POLICIA MUNICIPAL (PABELLON DE LA PIPA CIUDAD SEGURIDAD),161 2656 DG POLICIA MUNICIPAL (PABELLON DE LA PIPA CIUDAD SEGURIDAD),437188.3,4473907.2,40.41341729972822,-3.740327478269459,,seguridad,"AG de Vicealcaldía,Portavoz, Seguridad y Emergencias",MONCLOA - ARAVACA,,,2023-09-19
162.0,1662.0,CENTRO MUNICIPAL ACUSTICA,CARRETERA AUTOVIA M-30 007  BJO   7-13 LC MADRID,437282.6,4477199.3,40.44308034050064,-3.739541918343989,,medioambiental,"Area de Gobierno de Urbanismo, Medioambiente y Movilidad",MONCLOA-ARAVACA,10.0,,2023-09-30
163.0,5169.0,CENTRO DE MAYORES OUKA LELE,"C/Bronce, 16",441567.7,4471204.1,40.38938510356142,-3.6884654478066783,,cultural,JMD Arganzuela,ARGANZUELA,30.0,"INGEDOM, S.L.",2023-10-20
164.0,121.0,PARQUE DE BOMBEROS Nº 05 USERA,PASEO SANTA MARIA DE LA CABEZA 95,440893.8,4471387.3,40.39098791345522,-3.6964220316650778,,seguridad," AG de Vicealcaldía,Portavoz, Seguridad y Emergencias ", USERA ,30.0,,2023-11-06
165.0,2425.0,JMD PUENTE VALLECAS/CID/SAMUR,"BUENOS AIRES 17, S, UE, LO, 28018,  MADRID",444617.8,4471075.9,40.38843855722663,-3.6525197803096185,,seguridad,JMD Puente de Vallecas,PUENTE DE  VALLECAS,10.0,,2023-09-30
166.0,,CENTRO CULTURAL PASTORA IMPERIO,PASTORA IMPERIO 4B,442760.8,4481592.7,40.48305363196985,-3.675345076846826,,cultural,JMD Chamartín,CHAMARTIN,10.0,,2024-02-29
167.0,,EI LAS GOLONDRINAS,"C/ JOSEFA VALCARCEL ,158 , 28022, MADRID",448254.3,4477795.9,40.4492099901094,-3.6102235384960992,,educativo,JMD San Blas Canillejas,SAN BLAS - CANILLEJAS,15.0,,2023-03-21
168.0,1659.0,VIVERO DE LA CASA DE CAMPO,"PASEO  AZUL,  2  28011  MADRID",438625.6,4474696.0,40.42063030961921,-3.723464689280627,,medioambiental,AG de Medio Ambiente y Movilidad,RETIRO,6.0,,2023-01-01
169.0,,FACTORÍA INDUSTRIAL DE VILLAVERDE,AVD REAL DE PINTO 166,439160.0,4464652.0,40.33019092741868,-3.716210608128194,,industrial,AG economia Innovacion y Empleo,VILLAVERDE,6.0,HERRERA Y LOBATOS.L.,2020-11-27
170.0,,CEIP CIUDAD DE CORDOBA,"CALLE MENASALBAS,6,28041 MADRID",440897.0,4468239.0,40.36262261018348,-3.696087576079925,,educativo,JMD Villaverde,VILLAVERDE,4.0,,2024-06-18
171.0,,CENTRO MUNICIPAL DE RECOGIDAS TRECE ROSAS,"AVENIDA DE LAS TRECE ROSAS, 5, 28017 MADRID",445062.0,4475080.0,40.42454191166595,-3.6476313329121774,,medioambiental,"Area de Gobierno de Urbanismo, Medioambiente y Movilidad",CIUDAD LINEAL,10.0,,2024-07-01
172.0,,CDM EL QUIJOTE,"CALLE NUMANCIA,2",439587.0,4478360.0,40.4537069216423,-3.7124862730274577,,deportivo,JMD Moncloa Aravaca,MONCLOA - ARAVACA,20.0,,2024-09-12
173.0,,CDM MOSCARDO,CALLE PILAR DE ZARAGOZA 93,440125.0,4471120.0,40.38852241696862,-3.70545899720266,,deportivo,JMD Salamanca,SALAMANCA,10.0,,2024-09-11
174.0,,CID VILLA DE VALLECAS / OAC,CALLE REAL DE ARGANDA 64,447858.0,4470029.0,40.37921466274213,-3.6142593627758175,,seguridad,JMD Villa de Vallecas,VILLA DE VALLECAS,10.0,,2024-09-11
175.0,,ALMACEN BOMBEROS VILLA DE VALLECAS,CALLE EL REAL DE SAN VICENTE 61,446228.0,4468926.0,40.3691719578553,-3.63336975042203,,seguridad,JMD Villa de Vallecas,VILLA DE VALLECAS,33.0,,2024-04-03
